-- MySQL dump 10.13  Distrib 5.6.39, for Linux (x86_64)
--
-- Host: localhost    Database: laprotectora
-- ------------------------------------------------------
-- Server version	5.6.39

/*!40101 SET @OLD_CHARACTER_SET_CLIENT=@@CHARACTER_SET_CLIENT */;
/*!40101 SET @OLD_CHARACTER_SET_RESULTS=@@CHARACTER_SET_RESULTS */;
/*!40101 SET @OLD_COLLATION_CONNECTION=@@COLLATION_CONNECTION */;
/*!40101 SET NAMES utf8 */;
/*!40103 SET @OLD_TIME_ZONE=@@TIME_ZONE */;
/*!40103 SET TIME_ZONE='+00:00' */;
/*!40014 SET @OLD_UNIQUE_CHECKS=@@UNIQUE_CHECKS, UNIQUE_CHECKS=0 */;
/*!40014 SET @OLD_FOREIGN_KEY_CHECKS=@@FOREIGN_KEY_CHECKS, FOREIGN_KEY_CHECKS=0 */;
/*!40101 SET @OLD_SQL_MODE=@@SQL_MODE, SQL_MODE='NO_AUTO_VALUE_ON_ZERO' */;
/*!40111 SET @OLD_SQL_NOTES=@@SQL_NOTES, SQL_NOTES=0 */;

--
-- Table structure for table `auth_group`
--

DROP TABLE IF EXISTS `auth_group`;
/*!40101 SET @saved_cs_client     = @@character_set_client */;
/*!40101 SET character_set_client = utf8 */;
CREATE TABLE `auth_group` (
  `id` int(11) NOT NULL AUTO_INCREMENT,
  `name` varchar(80) NOT NULL,
  PRIMARY KEY (`id`),
  UNIQUE KEY `name` (`name`)
) ENGINE=InnoDB DEFAULT CHARSET=utf8;
/*!40101 SET character_set_client = @saved_cs_client */;

--
-- Dumping data for table `auth_group`
--

LOCK TABLES `auth_group` WRITE;
/*!40000 ALTER TABLE `auth_group` DISABLE KEYS */;
/*!40000 ALTER TABLE `auth_group` ENABLE KEYS */;
UNLOCK TABLES;

--
-- Table structure for table `auth_group_permissions`
--

DROP TABLE IF EXISTS `auth_group_permissions`;
/*!40101 SET @saved_cs_client     = @@character_set_client */;
/*!40101 SET character_set_client = utf8 */;
CREATE TABLE `auth_group_permissions` (
  `id` int(11) NOT NULL AUTO_INCREMENT,
  `group_id` int(11) NOT NULL,
  `permission_id` int(11) NOT NULL,
  PRIMARY KEY (`id`),
  UNIQUE KEY `auth_group_permissions_group_id_0cd325b0_uniq` (`group_id`,`permission_id`),
  KEY `auth_group_permissi_permission_id_84c5c92e_fk_auth_permission_id` (`permission_id`),
  CONSTRAINT `auth_group_permissi_permission_id_84c5c92e_fk_auth_permission_id` FOREIGN KEY (`permission_id`) REFERENCES `auth_permission` (`id`),
  CONSTRAINT `auth_group_permissions_group_id_b120cbf9_fk_auth_group_id` FOREIGN KEY (`group_id`) REFERENCES `auth_group` (`id`)
) ENGINE=InnoDB DEFAULT CHARSET=utf8;
/*!40101 SET character_set_client = @saved_cs_client */;

--
-- Dumping data for table `auth_group_permissions`
--

LOCK TABLES `auth_group_permissions` WRITE;
/*!40000 ALTER TABLE `auth_group_permissions` DISABLE KEYS */;
/*!40000 ALTER TABLE `auth_group_permissions` ENABLE KEYS */;
UNLOCK TABLES;

--
-- Table structure for table `auth_permission`
--

DROP TABLE IF EXISTS `auth_permission`;
/*!40101 SET @saved_cs_client     = @@character_set_client */;
/*!40101 SET character_set_client = utf8 */;
CREATE TABLE `auth_permission` (
  `id` int(11) NOT NULL AUTO_INCREMENT,
  `name` varchar(255) NOT NULL,
  `content_type_id` int(11) NOT NULL,
  `codename` varchar(100) NOT NULL,
  PRIMARY KEY (`id`),
  UNIQUE KEY `auth_permission_content_type_id_01ab375a_uniq` (`content_type_id`,`codename`),
  CONSTRAINT `auth_permissi_content_type_id_2f476e4b_fk_django_content_type_id` FOREIGN KEY (`content_type_id`) REFERENCES `django_content_type` (`id`)
) ENGINE=InnoDB AUTO_INCREMENT=70 DEFAULT CHARSET=utf8;
/*!40101 SET character_set_client = @saved_cs_client */;

--
-- Dumping data for table `auth_permission`
--

LOCK TABLES `auth_permission` WRITE;
/*!40000 ALTER TABLE `auth_permission` DISABLE KEYS */;
INSERT INTO `auth_permission` VALUES (1,'Can add categoria',1,'add_categoria'),(2,'Can change categoria',1,'change_categoria'),(3,'Can delete categoria',1,'delete_categoria'),(4,'Can add centro costo',2,'add_centrocosto'),(5,'Can change centro costo',2,'change_centrocosto'),(6,'Can delete centro costo',2,'delete_centrocosto'),(7,'Can add contabilidad',3,'add_contabilidad'),(8,'Can change contabilidad',3,'change_contabilidad'),(9,'Can delete contabilidad',3,'delete_contabilidad'),(10,'Can add contabilidad hijo',4,'add_contabilidadhijo'),(11,'Can change contabilidad hijo',4,'change_contabilidadhijo'),(12,'Can delete contabilidad hijo',4,'delete_contabilidadhijo'),(13,'Can add doc tipo',5,'add_doctipo'),(14,'Can change doc tipo',5,'change_doctipo'),(15,'Can delete doc tipo',5,'delete_doctipo'),(16,'Can add fondo detalle',6,'add_fondodetalle'),(17,'Can change fondo detalle',6,'change_fondodetalle'),(18,'Can delete fondo detalle',6,'delete_fondodetalle'),(19,'Can add gasto detalle',7,'add_gastodetalle'),(20,'Can change gasto detalle',7,'change_gastodetalle'),(21,'Can delete gasto detalle',7,'delete_gastodetalle'),(22,'Can add proveedor',8,'add_proveedor'),(23,'Can change proveedor',8,'change_proveedor'),(24,'Can delete proveedor',8,'delete_proveedor'),(25,'Can add rendicion',9,'add_rendicion'),(26,'Can change rendicion',9,'change_rendicion'),(27,'Can delete rendicion',9,'delete_rendicion'),(28,'Can add rendiciones fondos detalles',10,'add_rendicionesfondosdetalles'),(29,'Can change rendiciones fondos detalles',10,'change_rendicionesfondosdetalles'),(30,'Can delete rendiciones fondos detalles',10,'delete_rendicionesfondosdetalles'),(31,'Can add subcategoria',11,'add_subcategoria'),(32,'Can change subcategoria',11,'change_subcategoria'),(33,'Can delete subcategoria',11,'delete_subcategoria'),(34,'Can add subvencion',12,'add_subvencion'),(35,'Can change subvencion',12,'change_subvencion'),(36,'Can delete subvencion',12,'delete_subvencion'),(37,'Can add tipo fondo',13,'add_tipofondo'),(38,'Can change tipo fondo',13,'change_tipofondo'),(39,'Can delete tipo fondo',13,'delete_tipofondo'),(40,'Can add tipo forma pago',14,'add_tipoformapago'),(41,'Can change tipo forma pago',14,'change_tipoformapago'),(42,'Can delete tipo forma pago',14,'delete_tipoformapago'),(46,'Can add rendiciones gasto detalles',16,'add_rendicionesgastodetalles'),(47,'Can change rendiciones gasto detalles',16,'change_rendicionesgastodetalles'),(48,'Can delete rendiciones gasto detalles',16,'delete_rendicionesgastodetalles'),(49,'Can add users centro costos',17,'add_userscentrocostos'),(50,'Can change users centro costos',17,'change_userscentrocostos'),(51,'Can delete users centro costos',17,'delete_userscentrocostos'),(52,'Can add log entry',18,'add_logentry'),(53,'Can change log entry',18,'change_logentry'),(54,'Can delete log entry',18,'delete_logentry'),(55,'Can add permission',19,'add_permission'),(56,'Can change permission',19,'change_permission'),(57,'Can delete permission',19,'delete_permission'),(58,'Can add user',20,'add_user'),(59,'Can change user',20,'change_user'),(60,'Can delete user',20,'delete_user'),(61,'Can add group',21,'add_group'),(62,'Can change group',21,'change_group'),(63,'Can delete group',21,'delete_group'),(64,'Can add content type',22,'add_contenttype'),(65,'Can change content type',22,'change_contenttype'),(66,'Can delete content type',22,'delete_contenttype'),(67,'Can add session',23,'add_session'),(68,'Can change session',23,'change_session'),(69,'Can delete session',23,'delete_session');
/*!40000 ALTER TABLE `auth_permission` ENABLE KEYS */;
UNLOCK TABLES;

--
-- Table structure for table `auth_user`
--

DROP TABLE IF EXISTS `auth_user`;
/*!40101 SET @saved_cs_client     = @@character_set_client */;
/*!40101 SET character_set_client = utf8 */;
CREATE TABLE `auth_user` (
  `id` int(11) NOT NULL AUTO_INCREMENT,
  `password` varchar(128) NOT NULL,
  `last_login` datetime DEFAULT NULL,
  `is_superuser` tinyint(1) NOT NULL,
  `username` varchar(150) NOT NULL,
  `first_name` varchar(30) NOT NULL,
  `last_name` varchar(30) NOT NULL,
  `email` varchar(254) NOT NULL,
  `is_staff` tinyint(1) NOT NULL,
  `is_active` tinyint(1) NOT NULL,
  `date_joined` datetime NOT NULL,
  PRIMARY KEY (`id`),
  UNIQUE KEY `username` (`username`)
) ENGINE=InnoDB AUTO_INCREMENT=14 DEFAULT CHARSET=utf8;
/*!40101 SET character_set_client = @saved_cs_client */;

--
-- Dumping data for table `auth_user`
--

LOCK TABLES `auth_user` WRITE;
/*!40000 ALTER TABLE `auth_user` DISABLE KEYS */;
INSERT INTO `auth_user` VALUES (1,'pbkdf2_sha256$36000$kdiRKZ60Rext$2r7djsIYe/ubdDe9IYijKhoA7sWS0+BI+e+UOBhY3zE=','2018-04-02 16:43:24',1,'admin','Administrador','','ivancarrascoq@gmail.com',1,1,'2017-01-23 08:21:53'),(2,'pbkdf2_sha256$30000$3B5hr8JDdz20$j81mDQh+Iivlpr8suF8kaFzkC07tWyqSqaaSBNnFbAY=','2017-10-10 07:24:23',0,'supervisor','super_first_name','super_last_name','supervisor@laprotectora.cl',0,1,'2017-01-24 19:51:35'),(3,'pbkdf2_sha256$30000$ld1dluwbVdLp$xzUW/xEYtk+JGZ12FZFbnxgDNaVPCznP/20++jAO/aQ=','2017-05-25 05:37:20',0,'nromanini@protectora.cl','','','',0,1,'2017-05-25 05:32:36'),(4,'pbkdf2_sha256$30000$dum1LiYUMucr$0jF0JyYUpoUMrUn73SSccK2OD/kaW0EunTtfBWmC3p0=','2017-05-25 05:38:25',0,'domingo@protectora.cl','','','',0,1,'2017-05-25 05:33:13'),(5,'pbkdf2_sha256$36000$7LOCnclKIlt8$fbr8fTir19cGdEOqJaky8tItNG/HPkwJW90zb2hsXHU=','2018-06-01 19:39:03',1,'ivancarrascoq@gmail.com','','','',0,1,'2017-05-25 05:33:25'),(6,'pbkdf2_sha256$36000$N5PayAVQAZCq$4pSHQaJke7lvQTBfJA5jLLTiRCoqyK8UBEw/2ZTyzh4=','2018-06-17 16:19:11',1,'admin@protectora.cl','protectora','','',0,1,'2017-05-25 05:57:50'),(7,'pbkdf2_sha256$36000$t39F3wnluQa6$raw2lrOHz5vnKu6xPIhN66XA5LX4UY9DAtldVOcI8Tw=','2018-06-08 14:51:12',1,'gerenciafepi@protectora.cl','Gerencia FEPI','','',0,1,'2018-03-28 19:53:57'),(8,'pbkdf2_sha256$36000$yb8iFGbAmkC3$yveV53mgKqsWjzsD7idxnLFKKkYAUw2YXOA9/SGtuoM=','2018-06-08 14:03:44',0,'josefinagana@protectora.cl','','','',0,1,'2018-03-29 14:46:55'),(9,'pbkdf2_sha256$36000$WlE2U2cz241d$bl1fhglNJOyqTXmbD41+lzql7VI6NL9lhsqwLisWHdU=','2018-05-03 17:50:18',0,'miguelcruchaga@protectora.cl','','','',0,1,'2018-03-30 01:54:24'),(10,'pbkdf2_sha256$36000$0LvvnAsVXAxB$UMfVralp86IEnm0eo5DUg23NRm0CSwCTDDJbQYnLARM=','2018-04-02 12:54:38',0,'luisgarciadelahuerta@protectora.cl','','','',0,0,'2018-03-30 01:54:45'),(11,'pbkdf2_sha256$36000$6obar2jQ3g0d$38La8UEGOOTN8evAEA6M5Kr7FpuAiknIwjn1zkT0W0I=','2018-06-13 19:36:13',0,'tecnicolasnieves@protectora.cl','Vivian ','galleguillos véliz','',0,1,'2018-03-30 01:56:30'),(12,'pbkdf2_sha256$36000$ejoVoJLxdJAo$kx1xDOQJpYrt/mNP84q/3fLX9uV7g65RhXOAm70I64k=','2018-06-04 14:15:25',0,'industriallasnieves@protectora.cl','','','',0,1,'2018-03-30 01:57:55'),(13,'pbkdf2_sha256$36000$wVHWzChUm3VR$YvNUi9I3QBHt/6+DJfbJ5oUscvqQXDvg5k0+kdP1FSs=','2018-06-12 14:24:10',0,'luisgarciadlh@protectora.cl','','','',0,1,'2018-04-02 14:07:32');
/*!40000 ALTER TABLE `auth_user` ENABLE KEYS */;
UNLOCK TABLES;

--
-- Table structure for table `auth_user_groups`
--

DROP TABLE IF EXISTS `auth_user_groups`;
/*!40101 SET @saved_cs_client     = @@character_set_client */;
/*!40101 SET character_set_client = utf8 */;
CREATE TABLE `auth_user_groups` (
  `id` int(11) NOT NULL AUTO_INCREMENT,
  `user_id` int(11) NOT NULL,
  `group_id` int(11) NOT NULL,
  PRIMARY KEY (`id`),
  UNIQUE KEY `auth_user_groups_user_id_94350c0c_uniq` (`user_id`,`group_id`),
  KEY `auth_user_groups_group_id_97559544_fk_auth_group_id` (`group_id`),
  CONSTRAINT `auth_user_groups_group_id_97559544_fk_auth_group_id` FOREIGN KEY (`group_id`) REFERENCES `auth_group` (`id`),
  CONSTRAINT `auth_user_groups_user_id_6a12ed8b_fk_auth_user_id` FOREIGN KEY (`user_id`) REFERENCES `auth_user` (`id`)
) ENGINE=InnoDB DEFAULT CHARSET=utf8;
/*!40101 SET character_set_client = @saved_cs_client */;

--
-- Dumping data for table `auth_user_groups`
--

LOCK TABLES `auth_user_groups` WRITE;
/*!40000 ALTER TABLE `auth_user_groups` DISABLE KEYS */;
/*!40000 ALTER TABLE `auth_user_groups` ENABLE KEYS */;
UNLOCK TABLES;

--
-- Table structure for table `auth_user_user_permissions`
--

DROP TABLE IF EXISTS `auth_user_user_permissions`;
/*!40101 SET @saved_cs_client     = @@character_set_client */;
/*!40101 SET character_set_client = utf8 */;
CREATE TABLE `auth_user_user_permissions` (
  `id` int(11) NOT NULL AUTO_INCREMENT,
  `user_id` int(11) NOT NULL,
  `permission_id` int(11) NOT NULL,
  PRIMARY KEY (`id`),
  UNIQUE KEY `auth_user_user_permissions_user_id_14a6b632_uniq` (`user_id`,`permission_id`),
  KEY `auth_user_user_perm_permission_id_1fbb5f2c_fk_auth_permission_id` (`permission_id`),
  CONSTRAINT `auth_user_user_perm_permission_id_1fbb5f2c_fk_auth_permission_id` FOREIGN KEY (`permission_id`) REFERENCES `auth_permission` (`id`),
  CONSTRAINT `auth_user_user_permissions_user_id_a95ead1b_fk_auth_user_id` FOREIGN KEY (`user_id`) REFERENCES `auth_user` (`id`)
) ENGINE=InnoDB DEFAULT CHARSET=utf8;
/*!40101 SET character_set_client = @saved_cs_client */;

--
-- Dumping data for table `auth_user_user_permissions`
--

LOCK TABLES `auth_user_user_permissions` WRITE;
/*!40000 ALTER TABLE `auth_user_user_permissions` DISABLE KEYS */;
/*!40000 ALTER TABLE `auth_user_user_permissions` ENABLE KEYS */;
UNLOCK TABLES;

--
-- Table structure for table `django_admin_log`
--

DROP TABLE IF EXISTS `django_admin_log`;
/*!40101 SET @saved_cs_client     = @@character_set_client */;
/*!40101 SET character_set_client = utf8 */;
CREATE TABLE `django_admin_log` (
  `id` int(11) NOT NULL AUTO_INCREMENT,
  `action_time` datetime NOT NULL,
  `object_id` longtext,
  `object_repr` varchar(200) NOT NULL,
  `action_flag` smallint(5) unsigned NOT NULL,
  `change_message` longtext NOT NULL,
  `content_type_id` int(11) DEFAULT NULL,
  `user_id` int(11) NOT NULL,
  PRIMARY KEY (`id`),
  KEY `django_admin__content_type_id_c4bce8eb_fk_django_content_type_id` (`content_type_id`),
  KEY `django_admin_log_user_id_c564eba6_fk_auth_user_id` (`user_id`),
  CONSTRAINT `django_admin__content_type_id_c4bce8eb_fk_django_content_type_id` FOREIGN KEY (`content_type_id`) REFERENCES `django_content_type` (`id`),
  CONSTRAINT `django_admin_log_user_id_c564eba6_fk_auth_user_id` FOREIGN KEY (`user_id`) REFERENCES `auth_user` (`id`)
) ENGINE=InnoDB AUTO_INCREMENT=29 DEFAULT CHARSET=utf8;
/*!40101 SET character_set_client = @saved_cs_client */;

--
-- Dumping data for table `django_admin_log`
--

LOCK TABLES `django_admin_log` WRITE;
/*!40000 ALTER TABLE `django_admin_log` DISABLE KEYS */;
INSERT INTO `django_admin_log` VALUES (1,'2017-01-24 19:51:35','2','supervisor',1,'[{\"added\": {}}]',20,1),(2,'2017-01-24 19:52:29','2','supervisor',2,'[{\"changed\": {\"fields\": [\"first_name\", \"last_name\", \"email\"]}}]',20,1),(3,'2017-01-25 08:56:20','2','supervisor',2,'[{\"changed\": {\"fields\": [\"password\"]}}]',20,1),(4,'2017-01-25 09:14:49','2','supervisor',2,'[{\"changed\": {\"fields\": [\"password\"]}}]',20,1),(5,'2017-01-25 09:23:18','2','supervisor',2,'[{\"changed\": {\"fields\": [\"password\"]}}]',20,1),(6,'2017-05-25 05:32:37','3','nromanini@protectora.cl',1,'[{\"added\": {}}]',20,1),(7,'2017-05-25 05:33:13','4','domingo@protectora.cl',1,'[{\"added\": {}}]',20,1),(8,'2017-05-25 05:33:25','5','ivancarrascoq@gmail.com',1,'[{\"added\": {}}]',20,1),(9,'2017-05-25 05:33:40','5','ivancarrascoq@gmail.com',2,'[]',20,1),(10,'2017-05-25 05:57:50','6','admin@protectora.cl',1,'[{\"added\": {}}]',20,1),(11,'2017-05-25 05:58:08','6','admin@protectora.cl',2,'[{\"changed\": {\"fields\": [\"first_name\", \"is_superuser\"]}}]',20,1),(12,'2017-05-25 05:59:01','6','admin@protectora.cl',2,'[]',20,1),(13,'2017-05-25 05:59:18','6','admin@protectora.cl',2,'[]',20,1),(14,'2017-05-25 06:01:02','6','admin@protectora.cl',2,'[{\"changed\": {\"fields\": [\"password\"]}}]',20,1),(15,'2017-05-25 06:02:43','6','admin@protectora.cl',2,'[{\"changed\": {\"fields\": [\"password\"]}}]',20,1),(16,'2017-05-25 06:02:48','6','admin@protectora.cl',2,'[]',20,1),(17,'2018-03-28 19:53:57','7','gerenciafepi@protectora.cl',1,'[{\"added\": {}}]',20,1),(18,'2018-03-29 14:46:55','8','josefinagana@protectora.cl',1,'[{\"added\": {}}]',20,1),(19,'2018-03-29 14:47:09','8','josefinagana@protectora.cl',2,'[]',20,1),(20,'2018-03-30 01:54:24','9','miguelcruchaga@protectora.cl',1,'[{\"added\": {}}]',20,1),(21,'2018-03-30 01:54:45','10','luisgarciadelahuerta@protectora.cl',1,'[{\"added\": {}}]',20,1),(22,'2018-03-30 01:56:30','11','tecnicolasnieves@protectora.cl',1,'[{\"added\": {}}]',20,1),(23,'2018-03-30 01:57:56','12','industriallasnieves@protectora.cl',1,'[{\"added\": {}}]',20,1),(24,'2018-03-30 01:58:43','12','industriallasnieves@protectora.cl',2,'[]',20,1),(25,'2018-03-30 02:01:45','5','ivancarrascoq@gmail.com',2,'[{\"changed\": {\"fields\": [\"is_superuser\"]}}]',20,1),(26,'2018-04-02 14:07:33','13','luisgarciadlh@protectora.cl',1,'[{\"added\": {}}]',20,1),(27,'2018-04-02 14:08:59','13','luisgarciadlh@protectora.cl',2,'[]',20,1),(28,'2018-04-02 14:09:28','10','luisgarciadelahuerta@protectora.cl',2,'[{\"changed\": {\"fields\": [\"is_active\"]}}]',20,1);
/*!40000 ALTER TABLE `django_admin_log` ENABLE KEYS */;
UNLOCK TABLES;

--
-- Table structure for table `django_content_type`
--

DROP TABLE IF EXISTS `django_content_type`;
/*!40101 SET @saved_cs_client     = @@character_set_client */;
/*!40101 SET character_set_client = utf8 */;
CREATE TABLE `django_content_type` (
  `id` int(11) NOT NULL AUTO_INCREMENT,
  `app_label` varchar(100) NOT NULL,
  `model` varchar(100) NOT NULL,
  PRIMARY KEY (`id`),
  UNIQUE KEY `django_content_type_app_label_76bd3d3b_uniq` (`app_label`,`model`)
) ENGINE=InnoDB AUTO_INCREMENT=24 DEFAULT CHARSET=utf8;
/*!40101 SET character_set_client = @saved_cs_client */;

--
-- Dumping data for table `django_content_type`
--

LOCK TABLES `django_content_type` WRITE;
/*!40000 ALTER TABLE `django_content_type` DISABLE KEYS */;
INSERT INTO `django_content_type` VALUES (18,'admin','logentry'),(21,'auth','group'),(19,'auth','permission'),(20,'auth','user'),(22,'contenttypes','contenttype'),(1,'main_app','categoria'),(2,'main_app','centrocosto'),(3,'main_app','contabilidad'),(4,'main_app','contabilidadhijo'),(5,'main_app','doctipo'),(6,'main_app','fondodetalle'),(7,'main_app','gastodetalle'),(8,'main_app','proveedor'),(9,'main_app','rendicion'),(10,'main_app','rendicionesfondosdetalles'),(16,'main_app','rendicionesgastodetalles'),(11,'main_app','subcategoria'),(12,'main_app','subvencion'),(13,'main_app','tipofondo'),(14,'main_app','tipoformapago'),(17,'main_app','userscentrocostos'),(23,'sessions','session');
/*!40000 ALTER TABLE `django_content_type` ENABLE KEYS */;
UNLOCK TABLES;

--
-- Table structure for table `django_migrations`
--

DROP TABLE IF EXISTS `django_migrations`;
/*!40101 SET @saved_cs_client     = @@character_set_client */;
/*!40101 SET character_set_client = utf8 */;
CREATE TABLE `django_migrations` (
  `id` int(11) NOT NULL AUTO_INCREMENT,
  `app` varchar(255) NOT NULL,
  `name` varchar(255) NOT NULL,
  `applied` datetime NOT NULL,
  PRIMARY KEY (`id`)
) ENGINE=InnoDB AUTO_INCREMENT=43 DEFAULT CHARSET=utf8;
/*!40101 SET character_set_client = @saved_cs_client */;

--
-- Dumping data for table `django_migrations`
--

LOCK TABLES `django_migrations` WRITE;
/*!40000 ALTER TABLE `django_migrations` DISABLE KEYS */;
INSERT INTO `django_migrations` VALUES (22,'contenttypes','0001_initial','2017-01-26 12:24:50'),(23,'auth','0001_initial','2017-01-26 12:24:50'),(24,'admin','0001_initial','2017-01-26 12:24:50'),(25,'admin','0002_logentry_remove_auto_add','2017-01-26 12:24:50'),(26,'contenttypes','0002_remove_content_type_name','2017-01-26 12:24:50'),(27,'auth','0002_alter_permission_name_max_length','2017-01-26 12:24:50'),(28,'auth','0003_alter_user_email_max_length','2017-01-26 12:24:50'),(29,'auth','0004_alter_user_username_opts','2017-01-26 12:24:50'),(30,'auth','0005_alter_user_last_login_null','2017-01-26 12:24:50'),(31,'auth','0006_require_contenttypes_0002','2017-01-26 12:24:50'),(32,'auth','0007_alter_validators_add_error_messages','2017-01-26 12:24:50'),(33,'auth','0008_alter_user_username_max_length','2017-01-26 12:24:50'),(34,'sessions','0001_initial','2017-01-26 12:24:50'),(35,'main_app','0001_initial','2017-01-26 12:47:20'),(36,'main_app','0002_auto_20170126_1244','2017-01-26 12:47:20'),(37,'main_app','0003_auto_20170126_1245','2017-01-26 12:47:20'),(38,'main_app','0004_remove_rendicion_locked','2017-01-26 12:49:07'),(39,'main_app','0005_rendicion_locked','2017-01-26 12:49:51'),(40,'main_app','0006_rendicion_tipo_fondo','2017-02-07 11:27:55'),(41,'main_app','0007_remove_rendicion_tipo_fondo','2017-02-07 11:27:55'),(42,'main_app','0008_rendicion_tipo_fondo','2017-02-07 11:27:55');
/*!40000 ALTER TABLE `django_migrations` ENABLE KEYS */;
UNLOCK TABLES;

--
-- Table structure for table `django_session`
--

DROP TABLE IF EXISTS `django_session`;
/*!40101 SET @saved_cs_client     = @@character_set_client */;
/*!40101 SET character_set_client = utf8 */;
CREATE TABLE `django_session` (
  `session_key` varchar(40) NOT NULL,
  `session_data` longtext NOT NULL,
  `expire_date` datetime NOT NULL,
  PRIMARY KEY (`session_key`),
  KEY `django_session_de54fa62` (`expire_date`)
) ENGINE=InnoDB DEFAULT CHARSET=utf8;
/*!40101 SET character_set_client = @saved_cs_client */;

--
-- Dumping data for table `django_session`
--

LOCK TABLES `django_session` WRITE;
/*!40000 ALTER TABLE `django_session` DISABLE KEYS */;
INSERT INTO `django_session` VALUES ('0418e659wfzg2m9y8at3n6k8fvqa1icl','OTI5ZTUzY2UzMjRmYjk1OWEyZTczMTFhYzU4NDRkYzFjZmNjYWEzODp7Il9hdXRoX3VzZXJfaGFzaCI6IjZiNDQ5ODJlYjM4ZjYyNjdkZjk1ZjgyYjMxNTlhYjUzNWVjNWRhNTQiLCJfYXV0aF91c2VyX2JhY2tlbmQiOiJkamFuZ28uY29udHJpYi5hdXRoLmJhY2tlbmRzLk1vZGVsQmFja2VuZCIsIl9hdXRoX3VzZXJfaWQiOiIyIn0=','2017-03-24 03:19:19'),('0ipupnqsyhponhmpsx5zzff0hxouaxo3','YzE1M2M5YzA2YmRjYmIwNzRlZWIwYmM0NWRiOTM4NjYzMzIyY2JiYTp7Il9hdXRoX3VzZXJfaGFzaCI6ImFhMGUwMWUwNmJhYTg3NmI3ZGYxYTQ1ZjA3YzNiMDhkMmFjNWZhNGIiLCJfYXV0aF91c2VyX2JhY2tlbmQiOiJkamFuZ28uY29udHJpYi5hdXRoLmJhY2tlbmRzLk1vZGVsQmFja2VuZCIsIl9hdXRoX3VzZXJfaWQiOiIxMiJ9','2018-05-16 14:58:26'),('1670hafrjaowvmuzehl5ldv3kbhj994w','OTI5ZTUzY2UzMjRmYjk1OWEyZTczMTFhYzU4NDRkYzFjZmNjYWEzODp7Il9hdXRoX3VzZXJfaGFzaCI6IjZiNDQ5ODJlYjM4ZjYyNjdkZjk1ZjgyYjMxNTlhYjUzNWVjNWRhNTQiLCJfYXV0aF91c2VyX2JhY2tlbmQiOiJkamFuZ28uY29udHJpYi5hdXRoLmJhY2tlbmRzLk1vZGVsQmFja2VuZCIsIl9hdXRoX3VzZXJfaWQiOiIyIn0=','2017-05-09 17:13:01'),('1igs0b12clgvxrmm34i1i3qr116qd5ip','Nzk5NDIwODI4ZmM1NWIyYzMyNDFhNWI5YTRkOGU5YmJlOWU0ZGM0MTp7Il9hdXRoX3VzZXJfaGFzaCI6IjIxZDA0MGJmZTEyYTZjNDk1ZWRjNGMxYTM2YmQ4ZWYyNDJjZGE2MzQiLCJfYXV0aF91c2VyX2JhY2tlbmQiOiJkamFuZ28uY29udHJpYi5hdXRoLmJhY2tlbmRzLk1vZGVsQmFja2VuZCIsIl9hdXRoX3VzZXJfaWQiOiI2In0=','2018-07-01 16:19:11'),('2qzhgp3ud6khr6x9ve7gg2nncu584aqa','ZTU2YWM3NjVjYjE3MzA0OGE5ZjAzNGE1OTBhNjcyNTE5YmNlYWE2Njp7Il9hdXRoX3VzZXJfaGFzaCI6IjhkOWM5M2Q1Y2YyYTk2MDIwNzc3ZjQwOTU2YTc1MzBjMWMzNzQwNDgiLCJfYXV0aF91c2VyX2JhY2tlbmQiOiJkamFuZ28uY29udHJpYi5hdXRoLmJhY2tlbmRzLk1vZGVsQmFja2VuZCIsIl9hdXRoX3VzZXJfaWQiOiIxMyJ9','2018-05-24 12:55:09'),('42tdk1nidhxgse0au9aa062e7cip8pff','ZjM3NjExODU1YmE2ZDZiNmMxNWY2ZmVjNzhhMTJlZjQ2MGZmYTc3ZDp7Il9hdXRoX3VzZXJfaGFzaCI6IjE1YTBiOTQ4MWJkMmI3YWIzNjNjYzdiZjU5YjQwNzdjZmEwNzExYzUiLCJfYXV0aF91c2VyX2JhY2tlbmQiOiJkamFuZ28uY29udHJpYi5hdXRoLmJhY2tlbmRzLk1vZGVsQmFja2VuZCIsIl9hdXRoX3VzZXJfaWQiOiIxMSJ9','2018-06-15 20:01:48'),('44mifzu37u32g1bq02l91o5oz0nzhq34','YzE1M2M5YzA2YmRjYmIwNzRlZWIwYmM0NWRiOTM4NjYzMzIyY2JiYTp7Il9hdXRoX3VzZXJfaGFzaCI6ImFhMGUwMWUwNmJhYTg3NmI3ZGYxYTQ1ZjA3YzNiMDhkMmFjNWZhNGIiLCJfYXV0aF91c2VyX2JhY2tlbmQiOiJkamFuZ28uY29udHJpYi5hdXRoLmJhY2tlbmRzLk1vZGVsQmFja2VuZCIsIl9hdXRoX3VzZXJfaWQiOiIxMiJ9','2018-05-18 20:53:03'),('456vnou2v6kc3zgtmbwqp2cb7b1p66n0','M2YzYzgxN2NmZTUzMzA4NmE5YjY4ZjNjMjg5YmU5MGM2NTgzMmVhMTp7Il9hdXRoX3VzZXJfaGFzaCI6ImUyNTBjNmMxMWFhZmQyM2FjYjE4NDI2MGI0Mzc1ZGE1MjJmMjY2ZjEiLCJfYXV0aF91c2VyX2JhY2tlbmQiOiJkamFuZ28uY29udHJpYi5hdXRoLmJhY2tlbmRzLk1vZGVsQmFja2VuZCIsIl9hdXRoX3VzZXJfaWQiOiI4In0=','2018-05-22 11:27:47'),('4brfx82qgdm5ikdg5l98uuls074cbjnm','M2YzYzgxN2NmZTUzMzA4NmE5YjY4ZjNjMjg5YmU5MGM2NTgzMmVhMTp7Il9hdXRoX3VzZXJfaGFzaCI6ImUyNTBjNmMxMWFhZmQyM2FjYjE4NDI2MGI0Mzc1ZGE1MjJmMjY2ZjEiLCJfYXV0aF91c2VyX2JhY2tlbmQiOiJkamFuZ28uY29udHJpYi5hdXRoLmJhY2tlbmRzLk1vZGVsQmFja2VuZCIsIl9hdXRoX3VzZXJfaWQiOiI4In0=','2018-05-07 17:03:59'),('4hxn2ottu7h94qb6zoum8liky7two17h','ZTU2YWM3NjVjYjE3MzA0OGE5ZjAzNGE1OTBhNjcyNTE5YmNlYWE2Njp7Il9hdXRoX3VzZXJfaGFzaCI6IjhkOWM5M2Q1Y2YyYTk2MDIwNzc3ZjQwOTU2YTc1MzBjMWMzNzQwNDgiLCJfYXV0aF91c2VyX2JhY2tlbmQiOiJkamFuZ28uY29udHJpYi5hdXRoLmJhY2tlbmRzLk1vZGVsQmFja2VuZCIsIl9hdXRoX3VzZXJfaWQiOiIxMyJ9','2018-05-30 13:12:29'),('4i1x4uzer01vk17l8tbtlg7arzqxe0q1','ZjM3NjExODU1YmE2ZDZiNmMxNWY2ZmVjNzhhMTJlZjQ2MGZmYTc3ZDp7Il9hdXRoX3VzZXJfaGFzaCI6IjE1YTBiOTQ4MWJkMmI3YWIzNjNjYzdiZjU5YjQwNzdjZmEwNzExYzUiLCJfYXV0aF91c2VyX2JhY2tlbmQiOiJkamFuZ28uY29udHJpYi5hdXRoLmJhY2tlbmRzLk1vZGVsQmFja2VuZCIsIl9hdXRoX3VzZXJfaWQiOiIxMSJ9','2018-06-21 21:05:49'),('58i2d074l5olzmn4slicltilwdofk40z','ZjM3NjExODU1YmE2ZDZiNmMxNWY2ZmVjNzhhMTJlZjQ2MGZmYTc3ZDp7Il9hdXRoX3VzZXJfaGFzaCI6IjE1YTBiOTQ4MWJkMmI3YWIzNjNjYzdiZjU5YjQwNzdjZmEwNzExYzUiLCJfYXV0aF91c2VyX2JhY2tlbmQiOiJkamFuZ28uY29udHJpYi5hdXRoLmJhY2tlbmRzLk1vZGVsQmFja2VuZCIsIl9hdXRoX3VzZXJfaWQiOiIxMSJ9','2018-06-19 14:10:33'),('5xeii8azaps0xldz5esjap9m6o5qdolo','ZjM3NjExODU1YmE2ZDZiNmMxNWY2ZmVjNzhhMTJlZjQ2MGZmYTc3ZDp7Il9hdXRoX3VzZXJfaGFzaCI6IjE1YTBiOTQ4MWJkMmI3YWIzNjNjYzdiZjU5YjQwNzdjZmEwNzExYzUiLCJfYXV0aF91c2VyX2JhY2tlbmQiOiJkamFuZ28uY29udHJpYi5hdXRoLmJhY2tlbmRzLk1vZGVsQmFja2VuZCIsIl9hdXRoX3VzZXJfaWQiOiIxMSJ9','2018-06-20 17:13:26'),('62cz3dma6rdq6okzggvj5lp7ly2dgas9','ZDAxYmY3YjA2OGMyM2RmMjg3NjMxYTljMjJkNWJmOWJjN2YzNTUwNTp7Il9hdXRoX3VzZXJfaGFzaCI6IjBjZDcyYjgwZWFlZmViZjZhYjIyZjM0YTI4OTM4ODI0ZmY3NDM3MzIiLCJfYXV0aF91c2VyX2JhY2tlbmQiOiJkamFuZ28uY29udHJpYi5hdXRoLmJhY2tlbmRzLk1vZGVsQmFja2VuZCIsIl9hdXRoX3VzZXJfaWQiOiI5In0=','2018-05-17 17:50:18'),('6dujm4rdpeex8ye6ghspei6orlcg2u7t','ZjM3NjExODU1YmE2ZDZiNmMxNWY2ZmVjNzhhMTJlZjQ2MGZmYTc3ZDp7Il9hdXRoX3VzZXJfaGFzaCI6IjE1YTBiOTQ4MWJkMmI3YWIzNjNjYzdiZjU5YjQwNzdjZmEwNzExYzUiLCJfYXV0aF91c2VyX2JhY2tlbmQiOiJkamFuZ28uY29udHJpYi5hdXRoLmJhY2tlbmRzLk1vZGVsQmFja2VuZCIsIl9hdXRoX3VzZXJfaWQiOiIxMSJ9','2018-05-08 18:53:22'),('7pu7o1da4rsaytnhkg02jke5sbfi7h8p','ZjM3NjExODU1YmE2ZDZiNmMxNWY2ZmVjNzhhMTJlZjQ2MGZmYTc3ZDp7Il9hdXRoX3VzZXJfaGFzaCI6IjE1YTBiOTQ4MWJkMmI3YWIzNjNjYzdiZjU5YjQwNzdjZmEwNzExYzUiLCJfYXV0aF91c2VyX2JhY2tlbmQiOiJkamFuZ28uY29udHJpYi5hdXRoLmJhY2tlbmRzLk1vZGVsQmFja2VuZCIsIl9hdXRoX3VzZXJfaWQiOiIxMSJ9','2018-06-26 13:46:19'),('7rpmfmoisp80esernpbzevcog3qfifl5','YzE1M2M5YzA2YmRjYmIwNzRlZWIwYmM0NWRiOTM4NjYzMzIyY2JiYTp7Il9hdXRoX3VzZXJfaGFzaCI6ImFhMGUwMWUwNmJhYTg3NmI3ZGYxYTQ1ZjA3YzNiMDhkMmFjNWZhNGIiLCJfYXV0aF91c2VyX2JhY2tlbmQiOiJkamFuZ28uY29udHJpYi5hdXRoLmJhY2tlbmRzLk1vZGVsQmFja2VuZCIsIl9hdXRoX3VzZXJfaWQiOiIxMiJ9','2018-06-12 18:41:09'),('8l8ngxzr39fazmmqykudhebp4ipdp42k','YzE1M2M5YzA2YmRjYmIwNzRlZWIwYmM0NWRiOTM4NjYzMzIyY2JiYTp7Il9hdXRoX3VzZXJfaGFzaCI6ImFhMGUwMWUwNmJhYTg3NmI3ZGYxYTQ1ZjA3YzNiMDhkMmFjNWZhNGIiLCJfYXV0aF91c2VyX2JhY2tlbmQiOiJkamFuZ28uY29udHJpYi5hdXRoLmJhY2tlbmRzLk1vZGVsQmFja2VuZCIsIl9hdXRoX3VzZXJfaWQiOiIxMiJ9','2018-05-23 17:13:33'),('8po9jpgk3r6w0xazqvii8i7c60vwzrmx','OTI5ZTUzY2UzMjRmYjk1OWEyZTczMTFhYzU4NDRkYzFjZmNjYWEzODp7Il9hdXRoX3VzZXJfaGFzaCI6IjZiNDQ5ODJlYjM4ZjYyNjdkZjk1ZjgyYjMxNTlhYjUzNWVjNWRhNTQiLCJfYXV0aF91c2VyX2JhY2tlbmQiOiJkamFuZ28uY29udHJpYi5hdXRoLmJhY2tlbmRzLk1vZGVsQmFja2VuZCIsIl9hdXRoX3VzZXJfaWQiOiIyIn0=','2017-06-07 00:55:35'),('9b6rvdfw8trvon938t1fgmflyepv19be','Nzk5NDIwODI4ZmM1NWIyYzMyNDFhNWI5YTRkOGU5YmJlOWU0ZGM0MTp7Il9hdXRoX3VzZXJfaGFzaCI6IjIxZDA0MGJmZTEyYTZjNDk1ZWRjNGMxYTM2YmQ4ZWYyNDJjZGE2MzQiLCJfYXV0aF91c2VyX2JhY2tlbmQiOiJkamFuZ28uY29udHJpYi5hdXRoLmJhY2tlbmRzLk1vZGVsQmFja2VuZCIsIl9hdXRoX3VzZXJfaWQiOiI2In0=','2018-06-23 02:17:20'),('arvorifskprijdpyijhpi70826m6yav6','YzE1M2M5YzA2YmRjYmIwNzRlZWIwYmM0NWRiOTM4NjYzMzIyY2JiYTp7Il9hdXRoX3VzZXJfaGFzaCI6ImFhMGUwMWUwNmJhYTg3NmI3ZGYxYTQ1ZjA3YzNiMDhkMmFjNWZhNGIiLCJfYXV0aF91c2VyX2JhY2tlbmQiOiJkamFuZ28uY29udHJpYi5hdXRoLmJhY2tlbmRzLk1vZGVsQmFja2VuZCIsIl9hdXRoX3VzZXJfaWQiOiIxMiJ9','2018-04-16 19:38:22'),('bvmer160qh92k5v7satmhvsrxv59o554','YzE1M2M5YzA2YmRjYmIwNzRlZWIwYmM0NWRiOTM4NjYzMzIyY2JiYTp7Il9hdXRoX3VzZXJfaGFzaCI6ImFhMGUwMWUwNmJhYTg3NmI3ZGYxYTQ1ZjA3YzNiMDhkMmFjNWZhNGIiLCJfYXV0aF91c2VyX2JhY2tlbmQiOiJkamFuZ28uY29udHJpYi5hdXRoLmJhY2tlbmRzLk1vZGVsQmFja2VuZCIsIl9hdXRoX3VzZXJfaWQiOiIxMiJ9','2018-05-17 14:08:10'),('cqck3n1rqj1qslrhjg5nn92o1w5lqclf','OTI5ZTUzY2UzMjRmYjk1OWEyZTczMTFhYzU4NDRkYzFjZmNjYWEzODp7Il9hdXRoX3VzZXJfaGFzaCI6IjZiNDQ5ODJlYjM4ZjYyNjdkZjk1ZjgyYjMxNTlhYjUzNWVjNWRhNTQiLCJfYXV0aF91c2VyX2JhY2tlbmQiOiJkamFuZ28uY29udHJpYi5hdXRoLmJhY2tlbmRzLk1vZGVsQmFja2VuZCIsIl9hdXRoX3VzZXJfaWQiOiIyIn0=','2017-02-22 03:35:57'),('ddr14ast87oregielolpizg8nhbmrs7o','ZjM3NjExODU1YmE2ZDZiNmMxNWY2ZmVjNzhhMTJlZjQ2MGZmYTc3ZDp7Il9hdXRoX3VzZXJfaGFzaCI6IjE1YTBiOTQ4MWJkMmI3YWIzNjNjYzdiZjU5YjQwNzdjZmEwNzExYzUiLCJfYXV0aF91c2VyX2JhY2tlbmQiOiJkamFuZ28uY29udHJpYi5hdXRoLmJhY2tlbmRzLk1vZGVsQmFja2VuZCIsIl9hdXRoX3VzZXJfaWQiOiIxMSJ9','2018-05-28 19:51:48'),('dppqji3fjw45g10ap67lqx97nj5jem1j','YzE1M2M5YzA2YmRjYmIwNzRlZWIwYmM0NWRiOTM4NjYzMzIyY2JiYTp7Il9hdXRoX3VzZXJfaGFzaCI6ImFhMGUwMWUwNmJhYTg3NmI3ZGYxYTQ1ZjA3YzNiMDhkMmFjNWZhNGIiLCJfYXV0aF91c2VyX2JhY2tlbmQiOiJkamFuZ28uY29udHJpYi5hdXRoLmJhY2tlbmRzLk1vZGVsQmFja2VuZCIsIl9hdXRoX3VzZXJfaWQiOiIxMiJ9','2018-04-16 18:58:10'),('fe4jjaaxq5fculu4lbynrjebw3p40ei7','YzE1M2M5YzA2YmRjYmIwNzRlZWIwYmM0NWRiOTM4NjYzMzIyY2JiYTp7Il9hdXRoX3VzZXJfaGFzaCI6ImFhMGUwMWUwNmJhYTg3NmI3ZGYxYTQ1ZjA3YzNiMDhkMmFjNWZhNGIiLCJfYXV0aF91c2VyX2JhY2tlbmQiOiJkamFuZ28uY29udHJpYi5hdXRoLmJhY2tlbmRzLk1vZGVsQmFja2VuZCIsIl9hdXRoX3VzZXJfaWQiOiIxMiJ9','2018-06-13 15:55:58'),('ghq2kcvxdfmz0drsks55tr3j8ox0oj7l','YzE1M2M5YzA2YmRjYmIwNzRlZWIwYmM0NWRiOTM4NjYzMzIyY2JiYTp7Il9hdXRoX3VzZXJfaGFzaCI6ImFhMGUwMWUwNmJhYTg3NmI3ZGYxYTQ1ZjA3YzNiMDhkMmFjNWZhNGIiLCJfYXV0aF91c2VyX2JhY2tlbmQiOiJkamFuZ28uY29udHJpYi5hdXRoLmJhY2tlbmRzLk1vZGVsQmFja2VuZCIsIl9hdXRoX3VzZXJfaWQiOiIxMiJ9','2018-05-09 13:40:10'),('gig67i6lqr4pu9kog03vq3mrjamxhzu6','ZTU2YWM3NjVjYjE3MzA0OGE5ZjAzNGE1OTBhNjcyNTE5YmNlYWE2Njp7Il9hdXRoX3VzZXJfaGFzaCI6IjhkOWM5M2Q1Y2YyYTk2MDIwNzc3ZjQwOTU2YTc1MzBjMWMzNzQwNDgiLCJfYXV0aF91c2VyX2JhY2tlbmQiOiJkamFuZ28uY29udHJpYi5hdXRoLmJhY2tlbmRzLk1vZGVsQmFja2VuZCIsIl9hdXRoX3VzZXJfaWQiOiIxMyJ9','2018-06-26 14:24:10'),('hbmju7yx8v8csed851uilqxme141jf9k','ZjM3NjExODU1YmE2ZDZiNmMxNWY2ZmVjNzhhMTJlZjQ2MGZmYTc3ZDp7Il9hdXRoX3VzZXJfaGFzaCI6IjE1YTBiOTQ4MWJkMmI3YWIzNjNjYzdiZjU5YjQwNzdjZmEwNzExYzUiLCJfYXV0aF91c2VyX2JhY2tlbmQiOiJkamFuZ28uY29udHJpYi5hdXRoLmJhY2tlbmRzLk1vZGVsQmFja2VuZCIsIl9hdXRoX3VzZXJfaWQiOiIxMSJ9','2018-06-27 12:26:50'),('iugoyxl0cdb8557055e9fismlaaf09h4','OTI5ZTUzY2UzMjRmYjk1OWEyZTczMTFhYzU4NDRkYzFjZmNjYWEzODp7Il9hdXRoX3VzZXJfaGFzaCI6IjZiNDQ5ODJlYjM4ZjYyNjdkZjk1ZjgyYjMxNTlhYjUzNWVjNWRhNTQiLCJfYXV0aF91c2VyX2JhY2tlbmQiOiJkamFuZ28uY29udHJpYi5hdXRoLmJhY2tlbmRzLk1vZGVsQmFja2VuZCIsIl9hdXRoX3VzZXJfaWQiOiIyIn0=','2017-06-09 06:02:12'),('ixjus3ddtr3b7qstzw6irw8q2kb60ic9','YzE1M2M5YzA2YmRjYmIwNzRlZWIwYmM0NWRiOTM4NjYzMzIyY2JiYTp7Il9hdXRoX3VzZXJfaGFzaCI6ImFhMGUwMWUwNmJhYTg3NmI3ZGYxYTQ1ZjA3YzNiMDhkMmFjNWZhNGIiLCJfYXV0aF91c2VyX2JhY2tlbmQiOiJkamFuZ28uY29udHJpYi5hdXRoLmJhY2tlbmRzLk1vZGVsQmFja2VuZCIsIl9hdXRoX3VzZXJfaWQiOiIxMiJ9','2018-06-18 14:15:25'),('iz3qaoezx8d9au4bffyb30jprj4psvce','ZjM3NjExODU1YmE2ZDZiNmMxNWY2ZmVjNzhhMTJlZjQ2MGZmYTc3ZDp7Il9hdXRoX3VzZXJfaGFzaCI6IjE1YTBiOTQ4MWJkMmI3YWIzNjNjYzdiZjU5YjQwNzdjZmEwNzExYzUiLCJfYXV0aF91c2VyX2JhY2tlbmQiOiJkamFuZ28uY29udHJpYi5hdXRoLmJhY2tlbmRzLk1vZGVsQmFja2VuZCIsIl9hdXRoX3VzZXJfaWQiOiIxMSJ9','2018-06-27 19:36:13'),('izkited7wsl3sky8d64941i526ujucxp','OTI5ZTUzY2UzMjRmYjk1OWEyZTczMTFhYzU4NDRkYzFjZmNjYWEzODp7Il9hdXRoX3VzZXJfaGFzaCI6IjZiNDQ5ODJlYjM4ZjYyNjdkZjk1ZjgyYjMxNTlhYjUzNWVjNWRhNTQiLCJfYXV0aF91c2VyX2JhY2tlbmQiOiJkamFuZ28uY29udHJpYi5hdXRoLmJhY2tlbmRzLk1vZGVsQmFja2VuZCIsIl9hdXRoX3VzZXJfaWQiOiIyIn0=','2017-03-13 02:04:09'),('ji64g0qmrpu3wftlsez0d8u5bqp8fhrb','OTI5ZTUzY2UzMjRmYjk1OWEyZTczMTFhYzU4NDRkYzFjZmNjYWEzODp7Il9hdXRoX3VzZXJfaGFzaCI6IjZiNDQ5ODJlYjM4ZjYyNjdkZjk1ZjgyYjMxNTlhYjUzNWVjNWRhNTQiLCJfYXV0aF91c2VyX2JhY2tlbmQiOiJkamFuZ28uY29udHJpYi5hdXRoLmJhY2tlbmRzLk1vZGVsQmFja2VuZCIsIl9hdXRoX3VzZXJfaWQiOiIyIn0=','2017-04-19 07:13:08'),('k9otqs87srqrt3a2jl5s8z2yawu0owxo','ZjM3NjExODU1YmE2ZDZiNmMxNWY2ZmVjNzhhMTJlZjQ2MGZmYTc3ZDp7Il9hdXRoX3VzZXJfaGFzaCI6IjE1YTBiOTQ4MWJkMmI3YWIzNjNjYzdiZjU5YjQwNzdjZmEwNzExYzUiLCJfYXV0aF91c2VyX2JhY2tlbmQiOiJkamFuZ28uY29udHJpYi5hdXRoLmJhY2tlbmRzLk1vZGVsQmFja2VuZCIsIl9hdXRoX3VzZXJfaWQiOiIxMSJ9','2018-05-16 11:28:23'),('kvsykeinknpwkdgbcu7fanlrdec09ljf','OTI5ZTUzY2UzMjRmYjk1OWEyZTczMTFhYzU4NDRkYzFjZmNjYWEzODp7Il9hdXRoX3VzZXJfaGFzaCI6IjZiNDQ5ODJlYjM4ZjYyNjdkZjk1ZjgyYjMxNTlhYjUzNWVjNWRhNTQiLCJfYXV0aF91c2VyX2JhY2tlbmQiOiJkamFuZ28uY29udHJpYi5hdXRoLmJhY2tlbmRzLk1vZGVsQmFja2VuZCIsIl9hdXRoX3VzZXJfaWQiOiIyIn0=','2017-03-17 20:18:08'),('l7g80pq80hltwncj2s4t67616tecahhp','YzE1M2M5YzA2YmRjYmIwNzRlZWIwYmM0NWRiOTM4NjYzMzIyY2JiYTp7Il9hdXRoX3VzZXJfaGFzaCI6ImFhMGUwMWUwNmJhYTg3NmI3ZGYxYTQ1ZjA3YzNiMDhkMmFjNWZhNGIiLCJfYXV0aF91c2VyX2JhY2tlbmQiOiJkamFuZ28uY29udHJpYi5hdXRoLmJhY2tlbmRzLk1vZGVsQmFja2VuZCIsIl9hdXRoX3VzZXJfaWQiOiIxMiJ9','2018-05-24 11:23:43'),('lavvtxuvtgr83olgzeobqcp57wuaim6u','YzE1M2M5YzA2YmRjYmIwNzRlZWIwYmM0NWRiOTM4NjYzMzIyY2JiYTp7Il9hdXRoX3VzZXJfaGFzaCI6ImFhMGUwMWUwNmJhYTg3NmI3ZGYxYTQ1ZjA3YzNiMDhkMmFjNWZhNGIiLCJfYXV0aF91c2VyX2JhY2tlbmQiOiJkamFuZ28uY29udHJpYi5hdXRoLmJhY2tlbmRzLk1vZGVsQmFja2VuZCIsIl9hdXRoX3VzZXJfaWQiOiIxMiJ9','2018-06-12 15:13:13'),('mhe0cznsdoe60x0128iijg2qm5m6oa7u','YzE1M2M5YzA2YmRjYmIwNzRlZWIwYmM0NWRiOTM4NjYzMzIyY2JiYTp7Il9hdXRoX3VzZXJfaGFzaCI6ImFhMGUwMWUwNmJhYTg3NmI3ZGYxYTQ1ZjA3YzNiMDhkMmFjNWZhNGIiLCJfYXV0aF91c2VyX2JhY2tlbmQiOiJkamFuZ28uY29udHJpYi5hdXRoLmJhY2tlbmRzLk1vZGVsQmFja2VuZCIsIl9hdXRoX3VzZXJfaWQiOiIxMiJ9','2018-04-18 11:39:55'),('mv94xxrd4482ruxswtcgkynvwei9n0ri','YzE1M2M5YzA2YmRjYmIwNzRlZWIwYmM0NWRiOTM4NjYzMzIyY2JiYTp7Il9hdXRoX3VzZXJfaGFzaCI6ImFhMGUwMWUwNmJhYTg3NmI3ZGYxYTQ1ZjA3YzNiMDhkMmFjNWZhNGIiLCJfYXV0aF91c2VyX2JhY2tlbmQiOiJkamFuZ28uY29udHJpYi5hdXRoLmJhY2tlbmRzLk1vZGVsQmFja2VuZCIsIl9hdXRoX3VzZXJfaWQiOiIxMiJ9','2018-05-24 11:23:43'),('n1rfnqrgh21c45nf4gfud1st6cmnyqdu','MTc5NjRiYzhhNmE3NGRjNTIwYjQ2OGU5ZTJjY2IxYWM4YWJiN2I0Mzp7Il9hdXRoX3VzZXJfaGFzaCI6IjEzYmNhYzdlNDU1MmUzMTE0NTI2MzM1YWFiNjAyNDA2M2YxZTZhMGIiLCJfYXV0aF91c2VyX2JhY2tlbmQiOiJkamFuZ28uY29udHJpYi5hdXRoLmJhY2tlbmRzLk1vZGVsQmFja2VuZCIsIl9hdXRoX3VzZXJfaWQiOiI1In0=','2018-04-23 19:11:30'),('n50vix2npj9l1tllw8honk11jobgmbky','YzE1M2M5YzA2YmRjYmIwNzRlZWIwYmM0NWRiOTM4NjYzMzIyY2JiYTp7Il9hdXRoX3VzZXJfaGFzaCI6ImFhMGUwMWUwNmJhYTg3NmI3ZGYxYTQ1ZjA3YzNiMDhkMmFjNWZhNGIiLCJfYXV0aF91c2VyX2JhY2tlbmQiOiJkamFuZ28uY29udHJpYi5hdXRoLmJhY2tlbmRzLk1vZGVsQmFja2VuZCIsIl9hdXRoX3VzZXJfaWQiOiIxMiJ9','2018-04-16 18:51:00'),('nqpd4da30jm2n1sb359diw753m4ex1se','OTI5ZTUzY2UzMjRmYjk1OWEyZTczMTFhYzU4NDRkYzFjZmNjYWEzODp7Il9hdXRoX3VzZXJfaGFzaCI6IjZiNDQ5ODJlYjM4ZjYyNjdkZjk1ZjgyYjMxNTlhYjUzNWVjNWRhNTQiLCJfYXV0aF91c2VyX2JhY2tlbmQiOiJkamFuZ28uY29udHJpYi5hdXRoLmJhY2tlbmRzLk1vZGVsQmFja2VuZCIsIl9hdXRoX3VzZXJfaWQiOiIyIn0=','2017-02-09 14:42:52'),('ote7nkthxewlsds4n8k4cev7tuqmwdf4','YzE1M2M5YzA2YmRjYmIwNzRlZWIwYmM0NWRiOTM4NjYzMzIyY2JiYTp7Il9hdXRoX3VzZXJfaGFzaCI6ImFhMGUwMWUwNmJhYTg3NmI3ZGYxYTQ1ZjA3YzNiMDhkMmFjNWZhNGIiLCJfYXV0aF91c2VyX2JhY2tlbmQiOiJkamFuZ28uY29udHJpYi5hdXRoLmJhY2tlbmRzLk1vZGVsQmFja2VuZCIsIl9hdXRoX3VzZXJfaWQiOiIxMiJ9','2018-05-16 13:30:43'),('p5p1zmffpfa0whuv1z1v1opxnkfh9x6n','ZjM3NjExODU1YmE2ZDZiNmMxNWY2ZmVjNzhhMTJlZjQ2MGZmYTc3ZDp7Il9hdXRoX3VzZXJfaGFzaCI6IjE1YTBiOTQ4MWJkMmI3YWIzNjNjYzdiZjU5YjQwNzdjZmEwNzExYzUiLCJfYXV0aF91c2VyX2JhY2tlbmQiOiJkamFuZ28uY29udHJpYi5hdXRoLmJhY2tlbmRzLk1vZGVsQmFja2VuZCIsIl9hdXRoX3VzZXJfaWQiOiIxMSJ9','2018-06-13 13:02:25'),('p8y6e6a699pcr4jk7m5xcg81fwbw1i1d','ZjM3NjExODU1YmE2ZDZiNmMxNWY2ZmVjNzhhMTJlZjQ2MGZmYTc3ZDp7Il9hdXRoX3VzZXJfaGFzaCI6IjE1YTBiOTQ4MWJkMmI3YWIzNjNjYzdiZjU5YjQwNzdjZmEwNzExYzUiLCJfYXV0aF91c2VyX2JhY2tlbmQiOiJkamFuZ28uY29udHJpYi5hdXRoLmJhY2tlbmRzLk1vZGVsQmFja2VuZCIsIl9hdXRoX3VzZXJfaWQiOiIxMSJ9','2018-06-18 21:44:57'),('pm15yl0mqrkaj12rc19aqxlq3m4lqm9p','ZTQ3MjExYTljZWZlZTkzYzNmODYxZDMxMWUwYTg3OGFjYjA5YjAxNTp7Il9hdXRoX3VzZXJfaGFzaCI6ImQ0OTBlMmEwNmY3ZmJlMjkzYjE0ZGY5ODhhNGU1MzE4YmRhNTA1MmIiLCJfYXV0aF91c2VyX2JhY2tlbmQiOiJkamFuZ28uY29udHJpYi5hdXRoLmJhY2tlbmRzLk1vZGVsQmFja2VuZCIsIl9hdXRoX3VzZXJfaWQiOiIxIn0=','2017-10-24 07:26:13'),('qhqoxdxwy7ma33i44oyq3oubn08v9va4','YzE1M2M5YzA2YmRjYmIwNzRlZWIwYmM0NWRiOTM4NjYzMzIyY2JiYTp7Il9hdXRoX3VzZXJfaGFzaCI6ImFhMGUwMWUwNmJhYTg3NmI3ZGYxYTQ1ZjA3YzNiMDhkMmFjNWZhNGIiLCJfYXV0aF91c2VyX2JhY2tlbmQiOiJkamFuZ28uY29udHJpYi5hdXRoLmJhY2tlbmRzLk1vZGVsQmFja2VuZCIsIl9hdXRoX3VzZXJfaWQiOiIxMiJ9','2018-05-02 12:15:39'),('qrqcsp0u9a329xke96sciyefyml6r5jq','ZjM3NjExODU1YmE2ZDZiNmMxNWY2ZmVjNzhhMTJlZjQ2MGZmYTc3ZDp7Il9hdXRoX3VzZXJfaGFzaCI6IjE1YTBiOTQ4MWJkMmI3YWIzNjNjYzdiZjU5YjQwNzdjZmEwNzExYzUiLCJfYXV0aF91c2VyX2JhY2tlbmQiOiJkamFuZ28uY29udHJpYi5hdXRoLmJhY2tlbmRzLk1vZGVsQmFja2VuZCIsIl9hdXRoX3VzZXJfaWQiOiIxMSJ9','2018-06-22 13:24:03'),('r6f30mam8lmbnrfe6ceicjpb6423lswx','ZTQ3MjExYTljZWZlZTkzYzNmODYxZDMxMWUwYTg3OGFjYjA5YjAxNTp7Il9hdXRoX3VzZXJfaGFzaCI6ImQ0OTBlMmEwNmY3ZmJlMjkzYjE0ZGY5ODhhNGU1MzE4YmRhNTA1MmIiLCJfYXV0aF91c2VyX2JhY2tlbmQiOiJkamFuZ28uY29udHJpYi5hdXRoLmJhY2tlbmRzLk1vZGVsQmFja2VuZCIsIl9hdXRoX3VzZXJfaWQiOiIxIn0=','2017-09-28 17:07:55'),('rvwzqo6qw57tv5gxgpv0j73snq6ppbc9','ZjM3NjExODU1YmE2ZDZiNmMxNWY2ZmVjNzhhMTJlZjQ2MGZmYTc3ZDp7Il9hdXRoX3VzZXJfaGFzaCI6IjE1YTBiOTQ4MWJkMmI3YWIzNjNjYzdiZjU5YjQwNzdjZmEwNzExYzUiLCJfYXV0aF91c2VyX2JhY2tlbmQiOiJkamFuZ28uY29udHJpYi5hdXRoLmJhY2tlbmRzLk1vZGVsQmFja2VuZCIsIl9hdXRoX3VzZXJfaWQiOiIxMSJ9','2018-05-07 19:56:01'),('sx1d84zouhcf4zn4jfuxyszlp2ii1ftq','YzE1M2M5YzA2YmRjYmIwNzRlZWIwYmM0NWRiOTM4NjYzMzIyY2JiYTp7Il9hdXRoX3VzZXJfaGFzaCI6ImFhMGUwMWUwNmJhYTg3NmI3ZGYxYTQ1ZjA3YzNiMDhkMmFjNWZhNGIiLCJfYXV0aF91c2VyX2JhY2tlbmQiOiJkamFuZ28uY29udHJpYi5hdXRoLmJhY2tlbmRzLk1vZGVsQmFja2VuZCIsIl9hdXRoX3VzZXJfaWQiOiIxMiJ9','2018-05-16 13:06:40'),('t7sjgd5oeqngmdjmxnvhosy3yr1xim7m','YzE1M2M5YzA2YmRjYmIwNzRlZWIwYmM0NWRiOTM4NjYzMzIyY2JiYTp7Il9hdXRoX3VzZXJfaGFzaCI6ImFhMGUwMWUwNmJhYTg3NmI3ZGYxYTQ1ZjA3YzNiMDhkMmFjNWZhNGIiLCJfYXV0aF91c2VyX2JhY2tlbmQiOiJkamFuZ28uY29udHJpYi5hdXRoLmJhY2tlbmRzLk1vZGVsQmFja2VuZCIsIl9hdXRoX3VzZXJfaWQiOiIxMiJ9','2018-05-07 18:42:33'),('toxihnksy7sf9wknn87c9lm8xgp5uzfk','OTI5ZTUzY2UzMjRmYjk1OWEyZTczMTFhYzU4NDRkYzFjZmNjYWEzODp7Il9hdXRoX3VzZXJfaGFzaCI6IjZiNDQ5ODJlYjM4ZjYyNjdkZjk1ZjgyYjMxNTlhYjUzNWVjNWRhNTQiLCJfYXV0aF91c2VyX2JhY2tlbmQiOiJkamFuZ28uY29udHJpYi5hdXRoLmJhY2tlbmRzLk1vZGVsQmFja2VuZCIsIl9hdXRoX3VzZXJfaWQiOiIyIn0=','2017-06-04 23:18:25'),('upth91c8qdslgb3a4uniw2u34lc3yvdl','YTk5ODg0MTVmMzc0N2IzNWYzYTJkMzg4Zjc1YzRhMzRjMjk1NTgzZDp7Il9hdXRoX3VzZXJfaGFzaCI6IjVmZGZhOTljMzBjMzdiYTA1N2ViZmNkMjYyYmM5YWNhNjY0YTA1NjUiLCJfYXV0aF91c2VyX2JhY2tlbmQiOiJkamFuZ28uY29udHJpYi5hdXRoLmJhY2tlbmRzLk1vZGVsQmFja2VuZCIsIl9hdXRoX3VzZXJfaWQiOiIxIn0=','2017-06-15 12:39:15'),('uw7rvp633jcxw74hah0bd9od34ora71j','ZjM3NjExODU1YmE2ZDZiNmMxNWY2ZmVjNzhhMTJlZjQ2MGZmYTc3ZDp7Il9hdXRoX3VzZXJfaGFzaCI6IjE1YTBiOTQ4MWJkMmI3YWIzNjNjYzdiZjU5YjQwNzdjZmEwNzExYzUiLCJfYXV0aF91c2VyX2JhY2tlbmQiOiJkamFuZ28uY29udHJpYi5hdXRoLmJhY2tlbmRzLk1vZGVsQmFja2VuZCIsIl9hdXRoX3VzZXJfaWQiOiIxMSJ9','2018-06-15 19:40:28'),('vi98zuy2g0u67sc1e64vx3rq2dmsxmuj','YzE1M2M5YzA2YmRjYmIwNzRlZWIwYmM0NWRiOTM4NjYzMzIyY2JiYTp7Il9hdXRoX3VzZXJfaGFzaCI6ImFhMGUwMWUwNmJhYTg3NmI3ZGYxYTQ1ZjA3YzNiMDhkMmFjNWZhNGIiLCJfYXV0aF91c2VyX2JhY2tlbmQiOiJkamFuZ28uY29udHJpYi5hdXRoLmJhY2tlbmRzLk1vZGVsQmFja2VuZCIsIl9hdXRoX3VzZXJfaWQiOiIxMiJ9','2018-04-16 18:51:00'),('vjj58yhlnoshumgy9v73y45ferjrtcm2','ZjM3NjExODU1YmE2ZDZiNmMxNWY2ZmVjNzhhMTJlZjQ2MGZmYTc3ZDp7Il9hdXRoX3VzZXJfaGFzaCI6IjE1YTBiOTQ4MWJkMmI3YWIzNjNjYzdiZjU5YjQwNzdjZmEwNzExYzUiLCJfYXV0aF91c2VyX2JhY2tlbmQiOiJkamFuZ28uY29udHJpYi5hdXRoLmJhY2tlbmRzLk1vZGVsQmFja2VuZCIsIl9hdXRoX3VzZXJfaWQiOiIxMSJ9','2018-04-18 11:20:59'),('vu8o659su13gykevgjcx4xpy6315477a','M2YzYzgxN2NmZTUzMzA4NmE5YjY4ZjNjMjg5YmU5MGM2NTgzMmVhMTp7Il9hdXRoX3VzZXJfaGFzaCI6ImUyNTBjNmMxMWFhZmQyM2FjYjE4NDI2MGI0Mzc1ZGE1MjJmMjY2ZjEiLCJfYXV0aF91c2VyX2JhY2tlbmQiOiJkamFuZ28uY29udHJpYi5hdXRoLmJhY2tlbmRzLk1vZGVsQmFja2VuZCIsIl9hdXRoX3VzZXJfaWQiOiI4In0=','2018-04-18 14:04:24'),('x0mh89qzlx13h2y46a5zwp39w0c76quh','YzE1M2M5YzA2YmRjYmIwNzRlZWIwYmM0NWRiOTM4NjYzMzIyY2JiYTp7Il9hdXRoX3VzZXJfaGFzaCI6ImFhMGUwMWUwNmJhYTg3NmI3ZGYxYTQ1ZjA3YzNiMDhkMmFjNWZhNGIiLCJfYXV0aF91c2VyX2JhY2tlbmQiOiJkamFuZ28uY29udHJpYi5hdXRoLmJhY2tlbmRzLk1vZGVsQmFja2VuZCIsIl9hdXRoX3VzZXJfaWQiOiIxMiJ9','2018-05-10 20:04:51');
/*!40000 ALTER TABLE `django_session` ENABLE KEYS */;
UNLOCK TABLES;

--
-- Table structure for table `main_app_categoria`
--

DROP TABLE IF EXISTS `main_app_categoria`;
/*!40101 SET @saved_cs_client     = @@character_set_client */;
/*!40101 SET character_set_client = utf8 */;
CREATE TABLE `main_app_categoria` (
  `id` int(11) NOT NULL AUTO_INCREMENT,
  `code` varchar(100) DEFAULT NULL,
  `nombre` varchar(100) DEFAULT NULL,
  `subvencion_id` int(11) NOT NULL,
  PRIMARY KEY (`id`),
  KEY `main_app_catego_subvencion_id_3a2ac5a1_fk_main_app_subvencion_id` (`subvencion_id`),
  CONSTRAINT `main_app_catego_subvencion_id_3a2ac5a1_fk_main_app_subvencion_id` FOREIGN KEY (`subvencion_id`) REFERENCES `main_app_subvencion` (`id`)
) ENGINE=InnoDB AUTO_INCREMENT=68 DEFAULT CHARSET=utf8;
/*!40101 SET character_set_client = @saved_cs_client */;

--
-- Dumping data for table `main_app_categoria`
--

LOCK TABLES `main_app_categoria` WRITE;
/*!40000 ALTER TABLE `main_app_categoria` DISABLE KEYS */;
INSERT INTO `main_app_categoria` VALUES (1,'410500','ASESORIA TECNICA Y CAPACITACION',1),(2,'410600','GASTOS EN RECURSOS DE APRENDIZAJE',1),(3,'410700','GASTOS EN EQUIPAMIENTO DE APOYO PEDAGOGICO',1),(4,'410800','GASTO BIENESTAR ALUMNOS',1),(5,'410900','GASTOS DE OPERACIÓN',1),(6,'411000','SERVICIOS BASICOS',1),(7,'411100','SERVICIOS GENERALES',1),(8,'411400','ARRIENDOS DE INMUEBLES',1),(9,'411500','ARRIENDO DE BIENES MUEBLES',1),(10,'411600','GASTOS EN CONSTRUCCION Y MANTENCION DE INFRAESTRUCTURA',1),(11,'411700','GASTOS MANTENCION Y REPARACION DE BIENES MUEBLES',1),(12,'411800','ADQUISICION DE BIENES MUEBLES E INMUEBLES',1),(13,'410500','ASESORIA TECNICA Y CAPACITACION',7),(14,'410900','GASTOS DE OPERACIÓN',7),(15,'411000','SERVICIOS BASICOS',7),(16,'411100','SERVICIOS GENERALES',7),(17,'411500','ARRIENDO DE BIENES MUEBLES',7),(18,'411600','GASTOS EN CONSTRUCCION Y MANTENCION DE INFRAESTRUCTURA',7),(19,'411700','GASTOS MANTENCION Y REPARACION DE BIENES MUEBLES',7),(20,'411800','ADQUISICION DE BIENES MUEBLES E INMUEBLES',7),(21,'410500','ASESORIA TECNICA Y CAPACITACION',2),(22,'410600','GASTOS EN RECURSOS DE APRENDIZAJE',2),(23,'410700','GASTOS EN EQUIPAMIENTO DE APOYO PEDAGOGICO',2),(24,'410800','GASTO BIENESTAR ALUMNOS',2),(25,'410900','GASTOS DE OPERACIÓN',2),(26,'411000','SERVICIOS BASICOS',2),(27,'411100','SERVICIOS GENERALES',2),(28,'411400','ARRIENDOS DE INMUEBLES',2),(29,'411500','ARRIENDO DE BIENES MUEBLES',2),(30,'411800','ADQUISICION DE BIENES MUEBLES E INMUEBLES',2),(31,'410500','ASESORIA TECNICA Y CAPACITACION',8),(32,'410700','GASTOS EN EQUIPAMIENTO DE APOYO PEDAGOGICO',8),(33,'410900','GASTOS DE OPERACIÓN',8),(34,'411000','SERVICIOS BASICOS',8),(35,'411500','ARRIENDO DE BIENES MUEBLES',8),(36,'411800','ADQUISICION DE BIENES MUEBLES E INMUEBLES',8),(37,'410500','ASESORIA TECNICA Y CAPACITACION',3),(38,'410600','GASTOS EN RECURSOS DE APRENDIZAJE',3),(39,'410700','GASTOS EN EQUIPAMIENTO DE APOYO PEDAGOGICO',3),(40,'410800','GASTO BIENESTAR ALUMNOS',3),(41,'410900','GASTOS DE OPERACIÓN',3),(42,'411100','SERVICIOS GENERALES',3),(43,'411500','ARRIENDO DE BIENES MUEBLES',3),(44,'411600','GASTOS EN CONSTRUCCION Y MANTENCION DE INFRAESTRUCTURA',3),(45,'410600','GASTOS EN RECURSOS DE APRENDIZAJE',5),(46,'410700','GASTOS EN EQUIPAMIENTO DE APOYO PEDAGOGICO',5),(47,'411500','ARRIENDO DE BIENES MUEBLES',5),(48,'411600','GASTOS EN CONSTRUCCION Y MANTENCION DE INFRAESTRUCTURA',5),(49,'411700','GASTOS MANTENCION Y REPARACION DE BIENES MUEBLES',5),(50,'410600','GASTOS EN RECURSOS DE APRENDIZAJE',4),(51,'410800','GASTO BIENESTAR ALUMNOS',4),(52,'410900','GASTOS DE OPERACIÓN',4),(53,'411100','SERVICIOS GENERALES',4),(55,'000000','-',9),(56,'410500','ASESORIA TECNICA Y CAPACITACION',6),(57,'410600','GASTOS EN RECURSOS DE APRENDIZAJE',6),(58,'410700','GASTOS EN EQUIPAMIENTO DE APOYO PEDAGOGICO',6),(59,'410800','GASTO BIENESTAR ALUMNOS',6),(60,'410900','GASTOS DE OPERACIÓN',6),(61,'411000','SERVICIOS BASICOS',6),(62,'411100','SERVICIOS GENERALES',6),(63,'411400','ARRIENDOS DE INMUEBLES',6),(64,'411500','ARRIENDO DE BIENES MUEBLES',6),(65,'411600','GASTOS EN CONSTRUCCION Y MANTENCION DE INFRAESTRUCTURA',6),(66,'411700','GASTOS MANTENCION Y REPARACION DE BIENES MUEBLES',6),(67,'411800','ADQUISICION DE BIENES MUEBLES E INMUEBLES',6);
/*!40000 ALTER TABLE `main_app_categoria` ENABLE KEYS */;
UNLOCK TABLES;

--
-- Table structure for table `main_app_centrocosto`
--

DROP TABLE IF EXISTS `main_app_centrocosto`;
/*!40101 SET @saved_cs_client     = @@character_set_client */;
/*!40101 SET character_set_client = utf8 */;
CREATE TABLE `main_app_centrocosto` (
  `id` int(11) NOT NULL AUTO_INCREMENT,
  `nombre` varchar(100) DEFAULT NULL,
  `rbd` varchar(100) DEFAULT NULL,
  PRIMARY KEY (`id`)
) ENGINE=InnoDB AUTO_INCREMENT=8 DEFAULT CHARSET=utf8;
/*!40101 SET character_set_client = @saved_cs_client */;

--
-- Dumping data for table `main_app_centrocosto`
--

LOCK TABLES `main_app_centrocosto` WRITE;
/*!40000 ALTER TABLE `main_app_centrocosto` DISABLE KEYS */;
INSERT INTO `main_app_centrocosto` VALUES (1,'Preescolar','10497'),(2,'Josefina Gana de Johnson (#5)','10497'),(3,'Miguel Cruchaga Tocornal (#10)','10502'),(4,'Luis García de la Huerta (#70)\r\n','2386'),(5,'Colegio Técnico\r\n','10507'),(6,'Colegio Industrial\r\n','10496'),(7,'Gerencia\r\n','AC');
/*!40000 ALTER TABLE `main_app_centrocosto` ENABLE KEYS */;
UNLOCK TABLES;

--
-- Table structure for table `main_app_contabilidad`
--

DROP TABLE IF EXISTS `main_app_contabilidad`;
/*!40101 SET @saved_cs_client     = @@character_set_client */;
/*!40101 SET character_set_client = utf8 */;
CREATE TABLE `main_app_contabilidad` (
  `id` int(11) NOT NULL AUTO_INCREMENT,
  `nombre` varchar(100) DEFAULT NULL,
  PRIMARY KEY (`id`)
) ENGINE=InnoDB AUTO_INCREMENT=25 DEFAULT CHARSET=utf8;
/*!40101 SET character_set_client = @saved_cs_client */;

--
-- Dumping data for table `main_app_contabilidad`
--

LOCK TABLES `main_app_contabilidad` WRITE;
/*!40000 ALTER TABLE `main_app_contabilidad` DISABLE KEYS */;
INSERT INTO `main_app_contabilidad` VALUES (1,'Consumos básicos'),(2,'Materiales y útiles de aseo'),(3,'Gastos de mantención y reparación'),(4,'Alimentos'),(5,'Salud'),(6,'Higiene'),(7,'Tex. Vestuario y calzado'),(8,'Equipamiento'),(9,'Recreación y deportes'),(10,'Educación Material Escolar'),(11,'Movilización'),(12,'Talleres'),(13,'Pastoral'),(14,'Eventos'),(15,'Teléfono'),(16,'Correo y encomienda'),(17,'Gastos computacionales'),(18,'Materiales y útiles de oficina'),(19,'Servicios generales'),(20,'Gastos menores'),(21,'Servicios Externos'),(22,'Imprevistos'),(23,'Arriendos'),(24,'-');
/*!40000 ALTER TABLE `main_app_contabilidad` ENABLE KEYS */;
UNLOCK TABLES;

--
-- Table structure for table `main_app_contabilidadhijo`
--

DROP TABLE IF EXISTS `main_app_contabilidadhijo`;
/*!40101 SET @saved_cs_client     = @@character_set_client */;
/*!40101 SET character_set_client = utf8 */;
CREATE TABLE `main_app_contabilidadhijo` (
  `id` int(11) NOT NULL AUTO_INCREMENT,
  `nombre` varchar(100) DEFAULT NULL,
  `contabilidad_id` int(11) DEFAULT NULL,
  PRIMARY KEY (`id`)
) ENGINE=InnoDB AUTO_INCREMENT=58 DEFAULT CHARSET=utf8;
/*!40101 SET character_set_client = @saved_cs_client */;

--
-- Dumping data for table `main_app_contabilidadhijo`
--

LOCK TABLES `main_app_contabilidadhijo` WRITE;
/*!40000 ALTER TABLE `main_app_contabilidadhijo` DISABLE KEYS */;
INSERT INTO `main_app_contabilidadhijo` VALUES (1,'Consumo de agua',1),(2,'Consumo de gas',1),(3,'Consumo de electricidad',1),(4,'Leña',1),(5,'Parafina',1),(6,'Materiales y útiles de aseo establecimiento',2),(7,'Materiales y útiles de aseo lavandería',2),(8,'Mantenciones menores',3),(9,'Alimentos',4),(10,'Consultas médicas',5),(11,'Tratamientos',5),(12,'Medicamentos',5),(13,'Exámenes',5),(14,'Botiquín',5),(15,'Higiene',6),(16,'Vestuario y calzado menores',7),(17,'Uniforme funcionarios',7),(18,'Equipamiento',8),(19,'Ropa blanca/Menaje',8),(20,'Deportes',9),(21,'Recreación',9),(22,'Vacaciones',9),(23,'Alimentación',10),(24,'Transporte escolar',10),(25,'Material didáctico',10),(26,'Fotocopias',10),(27,'Visitas pedagógicas',10),(28,'Libros de clases',10),(29,'Derecho a matriculas - pases escolares',10),(30,'Niño fuera de la localidad',10),(31,'Pasajes de micro y colectivos',11),(32,'Taxis',11),(33,'Cobro del kilometraje',11),(34,'Equipo (Autocuidado)',12),(35,'Niños y/o familia',12),(36,'Comunidad',12),(37,'Pastoral',13),(38,'Celebraciones',14),(39,'Teléfono',15),(40,'Celular',15),(41,'Tarjetas recargo',15),(42,'Correo',16),(43,'Encomiendas',16),(44,'Traslado activos muebles entre la institución',16),(45,'Suministros',17),(46,'Mantención equipos',17),(47,'Honorarios',17),(48,'Materiales',18),(49,'Fotocopias',18),(50,'Suscripciones',18),(51,'Internet',19),(52,'Servicios generales',19),(53,'Gastos menores',20),(54,'Servicios de alarmas',21),(55,'Imprevistos',22),(56,'Arriendos',23),(57,'-',24);
/*!40000 ALTER TABLE `main_app_contabilidadhijo` ENABLE KEYS */;
UNLOCK TABLES;

--
-- Table structure for table `main_app_doctipo`
--

DROP TABLE IF EXISTS `main_app_doctipo`;
/*!40101 SET @saved_cs_client     = @@character_set_client */;
/*!40101 SET character_set_client = utf8 */;
CREATE TABLE `main_app_doctipo` (
  `id` int(11) NOT NULL AUTO_INCREMENT,
  `sigla` varchar(100) DEFAULT NULL,
  `nombre` varchar(100) DEFAULT NULL,
  PRIMARY KEY (`id`)
) ENGINE=InnoDB AUTO_INCREMENT=20 DEFAULT CHARSET=utf8;
/*!40101 SET character_set_client = @saved_cs_client */;

--
-- Dumping data for table `main_app_doctipo`
--

LOCK TABLES `main_app_doctipo` WRITE;
/*!40000 ALTER TABLE `main_app_doctipo` DISABLE KEYS */;
INSERT INTO `main_app_doctipo` VALUES (1,'BOL','BOLETA'),(2,'BOLE','BOLETA EXENTA'),(3,'BOLH','BOLETA HONORARIO'),(4,'BOLHEX','	BOLETA HONORARIO EXENTA'),(5,'FAC','FACTURA'),(6,'FACE','FACTURA EXENTA'),(7,'ODE','OTRO DOCUMENTO EXENTO'),(8,'LIQ','LIQUIDACION DE SUELDO'),(9,'COT','COTIZACION PREVISIONAL Y/O SALUD'),(10,'BOLEC','BOLETA ELECTRONICA'),(11,'BOLEX','BOLETA EXENTA  ELECTRONICA'),(12,'BOLHE','BOLETA HONORARIO  ELECTRONICA'),(13,'FACEL','FACTURA ELECTRONICA'),(14,'FACEX','FACTURA EXENTA ELECTRONICA'),(15,'ODA','OTRO DOCUMENTO AFECTO'),(16,'FIN','FINIQUITO'),(17,'BHTM','BOLETA DE HONORARIOS PRESTACION SERVICIOS TERCEROS'),(18,'BHTE','BOLETA DE HONORARIOS PRESTACION SERVICIOS TERCEROS ELECTRONICA'),(19,'NN','-');
/*!40000 ALTER TABLE `main_app_doctipo` ENABLE KEYS */;
UNLOCK TABLES;

--
-- Table structure for table `main_app_fondodetalle`
--

DROP TABLE IF EXISTS `main_app_fondodetalle`;
/*!40101 SET @saved_cs_client     = @@character_set_client */;
/*!40101 SET character_set_client = utf8 */;
CREATE TABLE `main_app_fondodetalle` (
  `id` int(11) NOT NULL AUTO_INCREMENT,
  `cheque` varchar(100) DEFAULT NULL,
  `doc_no_cheque` varchar(100) DEFAULT NULL,
  `doc_no` varchar(100) DEFAULT NULL,
  `doc_fecha` datetime DEFAULT NULL,
  `doc_fecha_pago` datetime DEFAULT NULL,
  `doc_detalle` varchar(100) DEFAULT NULL,
  `proveedor_nombre` varchar(100) DEFAULT NULL,
  `proveedor_rut` varchar(100) DEFAULT NULL,
  `doc_monto` int(11) DEFAULT NULL,
  `gasto` int(11) DEFAULT NULL,
  `categoria_id` int(11) DEFAULT NULL,
  `contabilidad_id` int(11) DEFAULT NULL,
  `contabilidad_hijo_id` int(11) DEFAULT NULL,
  `doc_tipo_id` int(11) DEFAULT NULL,
  `proveedor_id` int(11) DEFAULT NULL,
  `subcategoria_id` int(11) DEFAULT NULL,
  PRIMARY KEY (`id`),
  KEY `main_app_fondodet_categoria_id_f1a3e24c_fk_main_app_categoria_id` (`categoria_id`),
  KEY `main_app_fo_contabilidad_id_ad381d3e_fk_main_app_contabilidad_id` (`contabilidad_id`),
  KEY `ma_contabilidad_hijo_id_82e425e9_fk_main_app_contabilidadhijo_id` (`contabilidad_hijo_id`),
  KEY `main_app_fondodetall_doc_tipo_id_a7ddef3c_fk_main_app_doctipo_id` (`doc_tipo_id`),
  KEY `main_app_fondodet_proveedor_id_198dfa41_fk_main_app_proveedor_id` (`proveedor_id`),
  KEY `main_app_fo_subcategoria_id_dc7a9285_fk_main_app_subcategoria_id` (`subcategoria_id`)
) ENGINE=InnoDB AUTO_INCREMENT=536 DEFAULT CHARSET=utf8;
/*!40101 SET character_set_client = @saved_cs_client */;

--
-- Dumping data for table `main_app_fondodetalle`
--

LOCK TABLES `main_app_fondodetalle` WRITE;
/*!40000 ALTER TABLE `main_app_fondodetalle` DISABLE KEYS */;
INSERT INTO `main_app_fondodetalle` VALUES (1,'1','123','bol:32','2017-05-12 00:00:00','2017-05-13 00:00:00','pago cuenta luz a','Don Luchito','76100100-0',2000,0,30,1,4,1,1,147),(2,'0','','boleta: 990','2017-05-14 00:00:00','2017-05-15 00:00:00','bencina','Esvalito','79200200-8',3000,0,26,1,5,16,2,139),(3,'2',NULL,NULL,'2018-04-01 00:00:00','2018-04-01 00:00:00',NULL,'-','-',0,0,55,24,57,19,1000,234),(4,'2',NULL,NULL,'2018-04-01 00:00:00','2018-04-01 00:00:00',NULL,'-','-',0,0,55,24,57,19,1000,234),(5,'2',NULL,NULL,'2018-04-01 00:00:00','2018-04-01 00:00:00',NULL,'-','-',0,0,55,24,57,19,1000,234),(6,'2',NULL,NULL,'2018-04-01 00:00:00','2018-04-01 00:00:00',NULL,'-','-',0,0,55,24,57,19,1000,234),(7,'2',NULL,NULL,'2018-04-01 00:00:00','2018-04-01 00:00:00',NULL,'-','-',0,0,55,24,57,19,1000,234),(8,'2',NULL,NULL,'2018-04-01 00:00:00','2018-04-01 00:00:00',NULL,'-','-',0,0,55,24,57,19,1000,234),(9,'2',NULL,NULL,'2018-04-01 00:00:00','2018-04-01 00:00:00',NULL,'-','-',0,0,55,24,57,19,1000,234),(10,'2',NULL,NULL,'2018-04-01 00:00:00','2018-04-01 00:00:00',NULL,'-','-',0,0,55,24,57,19,1000,234),(11,'2',NULL,NULL,'2018-04-01 00:00:00','2018-04-01 00:00:00',NULL,'-','-',0,0,55,24,57,19,1000,234),(12,'2',NULL,NULL,'2018-04-01 00:00:00','2018-04-01 00:00:00',NULL,'-','-',0,0,55,24,57,19,1000,234),(13,'2',NULL,NULL,'2018-04-01 00:00:00','2018-04-01 00:00:00',NULL,'-','-',0,0,55,24,57,19,1000,234),(14,'2',NULL,NULL,'2018-04-01 00:00:00','2018-04-01 00:00:00',NULL,'-','-',0,0,55,24,57,19,1000,234),(15,'2',NULL,NULL,'2018-04-01 00:00:00','2018-04-01 00:00:00',NULL,'-','-',0,0,55,24,57,19,1000,234),(16,'2',NULL,NULL,'2018-03-01 00:00:00','2018-03-01 00:00:00',NULL,'-','-',0,0,55,24,57,19,1000,234),(17,'2',NULL,NULL,'2018-03-01 00:00:00','2018-03-01 00:00:00',NULL,'-','-',0,0,55,24,57,19,1000,234),(18,'2',NULL,NULL,'2018-03-01 00:00:00','2018-03-01 00:00:00',NULL,'-','-',0,0,55,24,57,19,1000,234),(19,'2',NULL,NULL,'2018-03-01 00:00:00','2018-03-01 00:00:00',NULL,'-','-',0,0,55,24,57,19,1000,234),(20,'2',NULL,NULL,'2018-03-01 00:00:00','2018-03-01 00:00:00',NULL,'-','-',0,0,55,24,57,19,1000,234),(21,'2',NULL,NULL,'2018-03-01 00:00:00','2018-03-01 00:00:00',NULL,'-','-',0,0,55,24,57,19,1000,234),(22,'2',NULL,NULL,'2018-03-01 00:00:00','2018-03-01 00:00:00',NULL,'-','-',0,0,55,24,57,19,1000,234),(23,'2',NULL,NULL,'2018-03-01 00:00:00','2018-03-01 00:00:00',NULL,'-','-',0,0,55,24,57,19,1000,234),(24,'2',NULL,NULL,'2018-03-01 00:00:00','2018-03-01 00:00:00',NULL,'-','-',0,0,55,24,57,19,1000,234),(25,'2',NULL,NULL,'2018-03-01 00:00:00','2018-03-01 00:00:00',NULL,'-','-',0,0,55,24,57,19,1000,234),(26,'2',NULL,NULL,'2018-03-01 00:00:00','2018-03-01 00:00:00',NULL,'-','-',0,0,55,24,57,19,1000,234),(27,'2',NULL,NULL,'2018-03-01 00:00:00','2018-03-01 00:00:00',NULL,'-','-',0,0,55,24,57,19,1000,234),(28,'1','6043404','107','2018-04-09 00:00:00','2018-04-09 00:00:00','reparacion de puertas y chapas ','Miguel Angel Qezada Castro','7845366-4',202895,202895,48,3,8,13,717,202),(29,'2',NULL,NULL,'2018-03-01 00:00:00','2018-03-01 00:00:00',NULL,'-','-',0,0,55,24,57,19,1000,234),(30,'2',NULL,NULL,'2018-03-01 00:00:00','2018-03-01 00:00:00',NULL,'-','-',0,0,55,24,57,19,1000,234),(31,'2',NULL,NULL,'2018-03-01 00:00:00','2018-03-01 00:00:00',NULL,'-','-',0,0,55,24,57,19,1000,234),(32,'2','','','2018-03-01 00:00:00','2018-03-01 00:00:00','','','',0,0,1,24,57,19,1000,234),(33,'2',NULL,NULL,'2018-04-01 00:00:00','2018-04-01 00:00:00',NULL,'-','-',0,0,55,24,57,19,1000,234),(34,'2',NULL,NULL,'2018-04-01 00:00:00','2018-04-01 00:00:00',NULL,'-','-',0,0,55,24,57,19,1000,234),(35,'1','6043402','207','2018-04-05 00:00:00','2018-04-11 00:00:00','cambio de vastago, camnio de sensor de luz','Comercializdora Y Constructora Intercolor Ltda','76455915-0',95200,95200,49,3,8,13,572,212),(38,'1','6043414','111','2018-04-11 00:00:00','2018-04-17 00:00:00','reparación de puerta principal','Miguel Angel Qezada Castro','7845366-4',96033,96033,48,3,8,13,717,202),(39,'0','','25670','2018-04-01 00:00:00','2018-04-20 00:00:00','wiretracker chicharra','Sociedad Comercial Rosas Spa','76608868-6',29900,29900,3,17,45,13,632,13),(40,'0','','189371714','2018-04-01 00:00:00','2018-04-01 00:00:00','pago de celular','Entel Pcs Telecomunicaciones S.A','96806980-2',29990,29990,6,15,40,10,919,37),(41,'1','','72294','2018-04-01 00:00:00','2018-04-01 00:00:00','toalla absorbente','Empresa Social De Comercialización De Productos Ltda','76026828-3',53312,53312,5,20,53,13,394,28),(42,'1','','72913','2018-04-01 00:00:00','2018-04-01 00:00:00','agua embotellada','Empresa Social De Comercialización De Productos Ltda','76026828-3',147631,147631,5,20,53,13,394,25),(43,'0','','5602','2018-04-01 00:00:00','2018-04-01 00:00:00','bolsas de basura','Elsa Aguayo Riquelme','6133436-k',139944,139944,5,20,53,13,316,28),(44,'0','','24873','2018-04-01 00:00:00','2018-04-01 00:00:00','globos, serv. color, cañon confetty','Distribuidora Comercial Veintidos Ltda','76091737-0',34409,34409,2,20,53,13,430,6),(45,'1','6006847','522','2018-03-27 00:00:00','2018-04-18 00:00:00','mantención de impresoras','Rodrigo Villegas Cortez','10665634-7',154700,154700,49,3,8,13,43,215),(46,'1','6006844','210','2018-04-05 00:00:00','2018-04-19 00:00:00','mantención y cambio de chapas,cifones, rolers, ','Comercializdora Y Constructora Intercolor Ltda','76455915-0',285005,285005,49,3,8,13,572,212),(47,'1','6006846','211','2018-04-08 00:00:00','2018-04-20 00:00:00','fabricación de protectores CPU','Comercializdora Y Constructora Intercolor Ltda','76455915-0',215247,215247,49,3,8,13,572,212),(48,'1','6043401','53','2018-04-04 00:00:00','2018-04-16 00:00:00','almuerzo aniversario ','Marcela Luisa Valdes Norambuena','13085994-1',722800,722800,5,4,9,12,118,25),(49,'1','6043418','3415021','2018-03-31 00:00:00','2018-04-23 00:00:00','AGUA embasada','Manantial S.A','96711590-8',142407,142407,5,4,9,13,907,31),(50,'0','','090056038','2018-04-17 00:00:00','2018-04-17 00:00:00','flapper,manilla y telefono','Sodimac  S.A','96792430-K',23970,23970,10,3,8,13,915,57),(55,'0','','02','2018-04-25 00:00:00','2018-04-25 00:00:00','ESTACIONAMIENTO,CARGA COMBUSTIBLE Y CARGA BIP','Sandra Cecilia Morales Castillo','11075138-9',20230,20230,5,20,53,15,53,31),(56,'0','','4799949','2018-04-01 00:00:00','2018-04-01 00:00:00','forro de cortinas de camarines','Hipermercado Tottus S.A','78627210-6',13860,13860,5,20,53,13,721,31),(57,'0','','413679','2018-04-01 00:00:00','2018-04-01 00:00:00','flores','','',8500,8500,5,20,53,1,1000,31),(60,'0','','41109','2018-04-01 00:00:00','2018-04-01 00:00:00','cinta tricolor','Comercial Monica Donoso Flores E.I.R.L','76280983-4',1200,1200,5,20,53,1,1011,31),(61,'0','','67190539','2018-04-01 00:00:00','2018-04-01 00:00:00','jugos tortas ','Administradora De Supermercados Hiper Ltda','76134941-4',67740,67740,5,14,38,13,451,25),(62,'0','','67058574','2018-04-01 00:00:00','2018-04-01 00:00:00','queso jamon jugos etc.','Administradora De Supermercados Hiper Ltda','76134941-4',25922,25922,5,14,38,13,451,31),(63,'0','','6038258','2018-04-01 00:00:00','2018-04-01 00:00:00','jarra thermo','Hipermercado Tottus S.A','78627210-6',13980,13980,5,20,53,13,721,31),(64,'0','','1198850889','2018-04-01 00:00:00','2018-04-01 00:00:00','gomitas frugelle  crema chantill','Administradora De Supermercados Hiper Ltda','76134941-4',3880,3880,5,4,9,10,451,25),(65,'0','','137379','2018-04-01 00:00:00','2018-04-01 00:00:00','aguas minerales','Administradora De Supermercados Hiper Ltda','76134941-4',6000,6000,5,20,53,1,451,25),(66,'0','','455559','2018-04-01 00:00:00','2018-04-01 00:00:00','hilo plastico transparente','Hernan Gonzalo Matute Izurieta','7345106-k',1050,1050,5,20,53,1,376,31),(69,'1','','732','2018-04-01 00:00:00','2018-04-01 00:00:00','CERA CLORO DESINFECTANTE ESCOBILLON,LUSTRAMUEBLE ,ETC.','Jorge Alejandro Calderon Silva','16423178-k',416963,416963,5,2,6,13,1012,28),(70,'0','','','2018-04-01 00:00:00','2018-04-01 00:00:00','MOVILIZACIÓN','Mónica Salazar Castro','15431006-1',11590,11590,5,11,31,2,174,22),(71,'0','','67123180','2018-04-01 00:00:00','2018-04-01 00:00:00','mouse logit mk220','Administradora De Supermercados Hiper Ltda','76134941-4',24980,24980,5,17,45,13,451,26),(72,'1','6043408','109','2018-04-11 00:00:00','2018-04-17 00:00:00','altares de melamina','Miguel Angel Qezada Castro','7845366-4',137088,137088,25,13,37,13,717,138),(83,'0','','413678','2018-04-01 00:00:00','2018-04-01 00:00:00','FLORES','Eva Flores Oyarce','6627144-7',9000,9000,5,14,38,1,1008,31),(85,'1','6043409','16971','2018-04-10 00:00:00','2018-04-19 00:00:00','arcilla,greda,cartón piedra,pincel,atril,cartulina,perros de madera,ovillos de lana','Comercializadora Y Distribuidora La Paloma Ltda','76376800-7',233466,233466,23,10,25,13,546,126),(86,'1','6043410','16','2018-04-04 00:00:00','2018-04-17 00:00:00','pan semana santa','Jose Patricio Bustos Espinoza','7985616-9',39270,39270,25,13,37,10,750,134),(87,'1','6007366','110','2018-04-11 00:00:00','2018-04-18 00:00:00','Cambio Vidrios  en Sala','Miguel Angel Qezada Castro','7845366-4',111210,101210,49,3,8,13,717,212),(89,'0','','597','2018-04-16 00:00:00','2018-04-16 00:00:00','misa aniversario,servicio de sacerdote','Miguel Hoban','7476413-4',20000,20000,25,13,37,18,1013,138),(90,'0','','90056039','2018-04-17 00:00:00','2018-04-17 00:00:00','cuerda trenzada y parlante','Sodimac  S.A','96792430-K',162571,162571,22,9,21,13,915,112),(91,'1','6043413','17123','2018-04-17 00:00:00','2018-04-17 00:00:00','cinta de embalaje,stick fix, cola fria,pincel, crochet,ovillo de lana,estuche de cartulina ','Comercializadora Y Distribuidora La Paloma Ltda','76376800-7',106305,106305,23,10,25,13,546,126),(92,'1','6038280','527128','2018-04-16 00:00:00','2018-04-16 00:00:00','Consulta médica estudiante postulante a PIE','Asomed UC','71023600-3',50000,50000,40,5,10,11,1002,177),(93,'0','','89410907','2018-04-19 00:00:00','2018-04-19 00:00:00','cojines verde y azul, mural bosque haya','Sodimac  S.A','96792430-K',61909,61909,24,10,25,13,915,128),(95,'0','','160498','2018-04-19 00:00:00','2018-04-19 00:00:00','guitarra electroacustica','Comercial E Importadora Audiomusica Spa','96579920-6',129900,129900,22,10,25,13,889,113),(96,'1','6043417','199','2018-04-18 00:00:00','2018-04-23 00:00:00','retiro espiritual de las alumnas','Congregación Del Verbo Divino','82991800-5',321300,321300,25,13,37,13,787,138),(97,'0','','6763','2018-04-20 00:00:00','2018-04-20 00:00:00','materiales para el altar de las salas floreros ceramicos, baul cuadrado','Bix S.A','76220324-3',60260,60260,25,13,37,13,498,138),(98,'0','','364914','2018-04-20 00:00:00','2018-04-20 00:00:00','salida pedagógica aguas de ramón','Asociacion De Municipalidades Parque Cordillera','65060484-9',377000,377000,25,10,27,2,333,138),(99,'1','6043423','1355','2018-04-01 00:00:00','2018-04-01 00:00:00','salida pedagógica teatro art. ','Yasmin General Placencia Producciones E.I.R.L.','76004178-5',647500,647500,25,10,27,13,389,138),(100,'0','','594','2018-04-24 00:00:00','2018-04-24 00:00:00','reloj, mural a pila','Muli S.A','79514370-k',55000,55000,25,20,53,13,1014,138),(101,'0','','999','2018-04-24 00:00:00','2018-04-24 00:00:00','baqueta metalofono','Francisco Mesko Garcia','5278045-4',30012,30012,22,10,25,13,287,113),(102,'0','','595','2018-04-24 00:00:00','2018-04-24 00:00:00','reloj, mural a pila','Muli S.A','79514370-k',14500,14500,25,20,53,13,1014,138),(104,'1','6043406','12608','2018-04-13 00:00:00','2018-04-24 00:00:00','pizarra blanca,tarjeta oración, tarjeta palabra','Ideas Educativas Spa','77262930-3',655613,655613,22,10,25,13,680,115),(105,'1','6043407','0016816','2018-04-02 00:00:00','2018-04-17 00:00:00','plato cartón,palo bajo lengua,palo de helado,lapiz punta fina,corrector,perforadora,espiral','Comercializadora Y Distribuidora La Paloma Ltda','76376800-7',80679,80679,22,10,25,13,546,115),(106,'0','','67122952','2018-04-05 00:00:00','2018-04-05 00:00:00','hervidor','Administradora De Supermercados Hiper Ltda','76134941-4',14990,14990,5,20,53,13,451,31),(107,'0','','14288','2018-04-16 00:00:00','2018-04-16 00:00:00','vasos termicos,pack de tenedores,pack cucharas,pack de platos plasticos','World Pack S.A','99516750-6',9884,9884,5,20,53,13,1022,31),(108,'0','','89997595','2018-04-19 00:00:00','2018-04-19 00:00:00','ampolletas','Sodimac  S.A','96792430-K',12530,12530,5,20,53,13,915,31),(109,'2','','','2018-04-01 00:00:00','2018-04-01 00:00:00','','Adidas Chile Ltda','78744360-5',0,0,1,24,57,19,722,234),(110,'0','','3003','2018-04-16 00:00:00','2018-04-16 00:00:00','sabanilla de papel,preppies alcohol,mascarilla,guantes,caja gasa,suero,parche curita,aposito','Importadora Y  Comercializadora Ortopedia Suiza  Spa','76194079-1',29030,29030,5,5,14,13,479,31),(114,'0','','90128480','2018-04-25 00:00:00','2018-04-25 00:00:00','pack pilas duracell, velas led','Sodimac  S.A','96792430-K',60750,60750,25,20,53,13,915,138),(117,'1','6038286','157','2018-04-11 00:00:00','2018-04-11 00:00:00','sesiones psicológicas Rodrigo Madrid','Claudia Riveros Martinez','10333303-2',135000,135000,40,5,10,12,1003,177),(120,'0','','129905','2018-04-01 00:00:00','2018-04-01 00:00:00','cuentos de buenas noches','Feria Chilena  Del Libro Ltda','83068700-9',184800,184800,22,10,25,13,791,116),(121,'1','6043424','1356','2018-04-24 00:00:00','2018-04-24 00:00:00','salida pedagógica teatro art.','Yasmin General Placencia Producciones E.I.R.L.','76004178-5',1221000,1221000,25,10,27,13,389,138),(122,'1','6066760','7991','2018-04-25 00:00:00','2018-04-25 00:00:00','balón de handball, cuerdas de salto,naipe español, dama, ludo,ajedrez,aro gimnasia,cono 30cm. pvc ','Comercializadora Este Deportes Ltda','76231132-1',548220,548220,22,10,25,13,502,115),(129,'2',NULL,NULL,'2017-06-01 00:00:00','2017-06-01 00:00:00',NULL,'-','-',0,0,55,24,57,19,1000,234),(130,'2',NULL,NULL,'2017-08-01 00:00:00','2017-08-01 00:00:00',NULL,'-','-',0,0,55,24,57,19,1000,234),(131,'0','','19786218','2018-04-27 00:00:00','2018-04-27 00:00:00','cereal bar, leche','Alvi S.A','96618540-6',99999,99999,25,10,23,13,891,134),(132,'1','6007367','10099989','2018-04-26 00:00:00','2018-04-30 00:00:00','traperos, mopas liquido piso','Proovedores Integrales Prisa S.A ','96556940-5',234998,234998,5,2,6,13,887,28),(133,'2','','','2018-04-01 00:00:00','2018-04-01 00:00:00','','','',0,0,1,24,57,19,1000,234),(134,'2','','','2018-04-01 00:00:00','2018-04-01 00:00:00','','','',0,0,1,24,57,19,1000,234),(138,'0','','8252','2018-04-19 00:00:00','2018-04-19 00:00:00','guitarra electroacústica, funda gewa p/bajo electrico , cable quiklok de microfono','Francisco Regulez Y Cia Ltda','81569800-2',319000,319000,22,10,25,13,773,113),(139,'0','','4263','2018-04-27 00:00:00','2018-04-27 00:00:00','parque zoológico buin zoo s.a.','Parque Zoologico Buin Zoo S.A','99555680-4',333000,333000,22,10,27,13,949,117),(140,'2','','','2018-04-01 00:00:00','2018-04-01 00:00:00','','','',0,0,1,24,57,19,1000,234),(141,'1','6043426','152','2018-04-26 00:00:00','2018-04-30 00:00:00','separadores 40 colores couche  300grs. con polybrillante','Leyla Jazmin Chaud Altermatt','11635828-K',117810,117810,25,10,25,13,71,138),(142,'1','6043429','424','2018-04-24 00:00:00','2018-04-30 00:00:00','Trasladado de alumnas al verbo divino','Trinidad Del Carmen Escobar Guajardo','12278608-0',80000,80000,22,13,37,13,87,117),(143,'1','6043428','425','2018-04-24 00:00:00','2018-04-30 00:00:00','traslado de alumnas al verbo divino','Trinidad Del Carmen Escobar Guajardo','12278608-0',320000,320000,22,13,37,13,87,117),(144,'1','6043427','426','2018-04-24 00:00:00','2018-04-30 00:00:00','traslado a fidae,parque aguas de ramón, teatro art., buin zoo','Trinidad Del Carmen Escobar Guajardo','12278608-0',1500000,1500000,22,10,27,13,87,117),(145,'1','6066761','433','2018-04-27 00:00:00','2018-04-30 00:00:00','traslado al zoológico metropolitano','Trinidad Del Carmen Escobar Guajardo','12278608-0',600000,600000,22,10,27,10,87,117),(146,'1','6066763','5540','2018-04-27 00:00:00','2018-04-30 00:00:00','la biblia de nuestro pueblo, pequeña cartone','Pia Sociedad San Pablo','70017400-k',182879,182879,25,13,37,13,1020,138),(147,'1','6066764','82','2018-04-27 00:00:00','2018-04-30 00:00:00','taller de ballet','Yesenia Alejandra Silva Montel','18066354-1',120000,120000,27,12,35,12,1019,140),(148,'1','6066771','22','2018-04-30 00:00:00','2018-04-30 00:00:00','imagen de lourdes, cristo resucitado 20 cm.','Marina Isabel Camus Vera','6086750-k',228480,228480,25,13,37,13,309,138),(151,'1','6066765','249','2018-04-27 00:00:00','2018-04-30 00:00:00','taller de ballet','Camila Paz Araya Fabio','17249738-1',120000,120000,27,12,35,12,1018,140),(152,'1','6066767','5','2018-04-25 00:00:00','2018-04-30 00:00:00','taller cheerleaders','Marianela Alejandra Castillo Silva','18830826-7',200000,200000,27,12,35,12,1017,140),(153,'1','6066768','51','2018-04-27 00:00:00','2018-04-30 00:00:00','taller de karate-do','Christopher Alexis Candia Rebolledo','15971854-9',175000,175000,27,12,35,12,1016,140),(154,'1','6066770','67','2018-04-25 00:00:00','2018-04-30 00:00:00','talleres de danza','Alejandra Andrea Dominguez Araya','18053098-3',200000,200000,27,12,35,12,238,140),(157,'1','6066769','2267','2018-04-26 00:00:00','2018-04-26 00:00:00','termómetro, papel filtro,cubreobjeto,portaobjeto,vaso precipitado,placa petri vidrio,pipeta,soporte,','Importadora Simon Ignacio Ferrada Aguilera E.I.R.L','76534816-1',524146,524146,22,10,25,13,1021,111),(159,'0','','2661','2018-04-09 00:00:00','2018-04-09 00:00:00','copias de llaves','Enrique Rodriguez Rios','6448496-6',8400,8400,5,3,8,1,325,31),(160,'0','','2699','2018-04-12 00:00:00','2018-04-12 00:00:00','copias de llaves','Enrique Rodriguez Rios','6448496-6',2600,2600,5,3,8,1,325,31),(163,'0','','2670','2018-04-10 00:00:00','2018-04-10 00:00:00','copias de llaves','Enrique Rodriguez Rios','6448496-6',8000,8000,5,3,8,1,325,31),(164,'0','','2671','2018-04-10 00:00:00','2018-04-10 00:00:00','copias de llaves','Enrique Rodriguez Rios','6448496-6',8000,8000,5,3,8,1,325,31),(166,'2',NULL,NULL,'2018-04-01 00:00:00','2018-04-01 00:00:00',NULL,'-','-',0,0,55,24,57,19,1000,234),(167,'2',NULL,NULL,'2018-04-01 00:00:00','2018-04-01 00:00:00',NULL,'-','-',0,0,55,24,57,19,1000,234),(168,'2',NULL,NULL,'2018-04-01 00:00:00','2018-04-01 00:00:00',NULL,'-','-',0,0,55,24,57,19,1000,234),(169,'0','','51539830','2018-04-19 00:00:00','2018-04-19 00:00:00','candado','Administradora De Supermercados Hiper Ltda','76134941-4',3990,3990,5,20,53,13,451,31),(170,'1','6038281','73','2018-04-27 00:00:00','2018-04-27 00:00:00','Prensa imprenta Portatil 22x32 cm','Yasser Villazan Boris','14718323-2',256000,256000,23,10,25,13,1015,126),(171,'0','','9614509','2018-04-29 00:00:00','2018-04-29 00:00:00','hervidor','Cencosud Retail S.A','81201000-k',12990,12990,5,20,53,13,769,31),(172,'0','','17283','2018-04-24 00:00:00','2018-04-24 00:00:00','cartulinas, perros de madera, cinta embalaje','Comercializadora Y Distribuidora La Paloma Ltda','76376800-7',31656,31656,2,18,48,13,546,6),(173,'1','6038289','1834','2018-04-26 00:00:00','2018-04-26 00:00:00','transportes  de residuos peligrosos','Urban Metal Spa','76107092-4',280721,280721,7,19,52,13,1005,42),(174,'1','6043425','10118313','2018-04-25 00:00:00','2018-04-25 00:00:00','toalla papel, mantenedor de piso','Proovedores Integrales Prisa S.A ','96556940-5',56677,56677,5,6,15,13,887,28),(176,'1','6038300','10120527','2018-04-26 00:00:00','2018-04-26 00:00:00','Resmas  oficio y  carta','Proovedores Integrales Prisa S.A ','96556940-5',102054,102054,22,10,25,13,887,115),(177,'1','6038296','10120525','2018-04-26 00:00:00','2018-04-26 00:00:00','Archivadores,fundas,corchetes.','Proovedores Integrales Prisa S.A ','96556940-5',373936,373936,25,18,48,13,887,132),(178,'1','6038297','10120526','2018-04-26 00:00:00','2018-04-26 00:00:00','DESTACADOR,PLUMONES PIZARRA','Proovedores Integrales Prisa S.A ','96556940-5',6033,6033,25,18,48,13,887,132),(179,'1','6038295','288747','2018-04-25 00:00:00','2018-04-25 00:00:00','Master  y Tintas','Dimacofi Negocias Avanzados Sa','76570350-6',327250,327250,25,17,45,13,614,135),(180,'1','6038299','10120438','2018-04-26 00:00:00','2018-04-26 00:00:00','Cartridge, pendrive','Proovedores Integrales Prisa S.A ','96556940-5',484341,484341,25,17,45,13,887,135),(181,'1','6038298','10120601','2018-04-26 00:00:00','2018-04-26 00:00:00','cartridge','Proovedores Integrales Prisa S.A ','96556940-5',159021,159021,25,17,45,13,887,135),(186,'1','6038302','10133402','2018-05-04 00:00:00','2018-05-04 00:00:00','Resmas,cartulina, destacador','Proovedores Integrales Prisa S.A ','96556940-5',259610,259610,41,18,48,13,887,179),(187,'1','6038303','10133403','2018-05-04 00:00:00','2018-05-04 00:00:00','pluimon pizarra, destacadores','Proovedores Integrales Prisa S.A ','96556940-5',85604,85604,41,18,48,13,887,179),(188,'1','6007367','10099989','2018-04-17 00:00:00','2018-04-26 00:00:00','Mopa, trapero,lustramuebles','Proovedores Integrales Prisa S.A ','96556940-5',234998,234998,5,2,6,13,887,28),(189,'1','6007368','470865543','2018-04-04 00:00:00','2018-04-04 00:00:00','Diluyente  Duco','Sodimac  S.A','96792430-K',10991,10990,5,3,8,10,915,31),(190,'1','6007368','89784837','2018-04-10 00:00:00','2018-04-10 00:00:00','ampolletas,alicate,atornillador','Sodimac  S.A','96792430-K',39459,39459,5,3,8,13,915,31),(191,'1','6007368','2693','2018-04-12 00:00:00','2018-04-12 00:00:00','17 copias  de llaves salas','Enrique Rodriguez Rios','6448496-6',10200,10200,5,3,8,1,325,31),(192,'1','6007368','354406','2018-04-11 00:00:00','2018-04-11 00:00:00','llave lavamano inspectoria','Juan Perez Villegas','12240681-4',5990,5990,5,3,8,1,85,31),(193,'1','6007368','89943028','2018-04-12 00:00:00','2018-04-12 00:00:00','tarugos, tornillos,tope puerta','Sodimac  S.A','96792430-K',7540,7540,5,3,8,13,915,31),(194,'1','6007368','473595602','2018-04-17 00:00:00','2018-04-17 00:00:00','Tarugos nylon 6mm c/tornillos','Sodimac  S.A','96792430-K',4590,4590,5,3,8,10,915,31),(195,'1','6007368','156029','2018-04-13 00:00:00','2018-04-13 00:00:00','Pernos, tuercas , golillas','Dominguez  Y Santis Ltda','77365550-2',2200,2200,5,3,8,1,683,31),(196,'1','6007369','10099253','2018-04-16 00:00:00','2018-04-26 00:00:00','Galletas, Cafe, Azucar','Proovedores Integrales Prisa S.A ','96556940-5',48941,48941,5,4,9,13,887,25),(197,'1','6038282','683','2018-04-25 00:00:00','2018-04-27 00:00:00','Pan','Jose Contreras Lagos','17926902-3',51000,51000,5,4,9,13,234,25),(198,'1','6007370','3467','2018-04-11 00:00:00','2018-04-26 00:00:00','Cloro, Papel Higienico,bolsa basura','Comercial Logroño Ltda','77024990-2',225062,225062,5,6,15,13,660,31),(199,'1','6007371','92','2018-04-02 00:00:00','2018-04-18 00:00:00','mANTEL rELIGIOSOS PARA  ALTAR','Veronica Elena Ortega Cerda','11164193-5',29750,29750,5,13,37,13,56,31),(200,'1','6007374','184','2018-04-21 00:00:00','2018-04-21 00:00:00','lITURGIA COTIDIANA,hOSTIAS,Cirios','Congregacion Pias Discipulas Del Divino','70024390-7',80000,80000,5,13,37,13,353,31),(201,'1','6007373','911','2018-04-27 00:00:00','2018-04-27 00:00:00','Pariticipación alumnos  en callejeros  de la fe','Fundacion Gestión De Servicios Cooperativos','65645290-0',46500,46500,5,13,37,13,339,31),(202,'1','6007372','01','2018-04-26 00:00:00','2018-04-26 00:00:00','bENCINA, CARGA TARJETA BIP','Walter Acevedo Duarte','6513613-9',197073,197073,5,11,31,7,335,31),(203,'0','','89998353','2018-04-14 00:00:00','2018-04-14 00:00:00','barre hoja cordel yute','Sodimac  S.A','96792430-K',11180,11180,5,20,53,13,915,31),(206,'0','','98646','2018-04-25 00:00:00','2018-04-25 00:00:00','generador de tono roseta etc.','Tecnologia Lk Spa','76567200-7',197573,197573,25,17,45,13,611,135),(207,'0','','3327','2018-04-25 00:00:00','2018-04-25 00:00:00','comp. elect.y telecomu.','','',547768,547768,25,17,45,13,1000,135),(208,'0','','12615','2018-04-25 00:00:00','2018-04-25 00:00:00','inyector poe mouse pendrive etc','Alfaomega Computación E.I.R.L','76040061-0',254659,254659,25,17,45,12,402,135),(209,'0','','537860','2018-04-28 00:00:00','2018-04-28 00:00:00','tiza color silicona etc.','Librería Nacional Artel S.A.I.C','92642000-3',15530,15530,22,10,25,13,860,115),(210,'0','','245','2018-04-28 00:00:00','2018-04-28 00:00:00','popelina','','',59850,59850,22,10,25,13,1000,115),(211,'0','','21106','2018-04-28 00:00:00','2018-04-28 00:00:00','ofertometro, anilinas agujas etc.',' ',' ',36679,36679,22,10,25,13,1000,115),(212,'0','','07052018','2018-04-28 00:00:00','2018-04-28 00:00:00','movolización','Mónica Salazar Castro','15431006-1',1109,1109,25,11,31,7,174,131),(213,'1','6006854','2094','2018-03-21 00:00:00','2018-04-24 00:00:00','insumos de talleres','Comercializadora De Frutas Y Verduras D&B Ltda','76382587-6',171396,171396,22,10,25,13,549,115),(214,'1','6006854','2095','2018-03-21 00:00:00','2018-04-24 00:00:00','insumos de talleres','Comercializadora De Frutas Y Verduras D&B Ltda','76382587-6',26323,26323,22,10,25,13,549,115),(215,'1','6006854','2103','2018-03-26 00:00:00','2018-04-24 00:00:00','insumos de talleres','Comercializadora De Frutas Y Verduras D&B Ltda','76382587-6',50846,50846,22,10,25,13,549,115),(216,'1','6006854','2104','2018-03-26 00:00:00','2018-04-24 00:00:00','insumos de talleres','Comercializadora De Frutas Y Verduras D&B Ltda','76382587-6',110378,110378,22,10,25,13,549,115),(217,'1','6006854','2105','2018-03-26 00:00:00','2018-04-24 00:00:00','insumos de talleres','Comercializadora De Frutas Y Verduras D&B Ltda','76382587-6',89448,89448,22,10,25,13,549,115),(218,'1','6006854','2106','2018-03-26 00:00:00','2018-04-24 00:00:00','insumos de talleres','Comercializadora De Frutas Y Verduras D&B Ltda','76382587-6',73437,73437,22,10,25,13,549,115),(219,'1','6006854','2107','2018-03-26 00:00:00','2018-04-24 00:00:00','insumos de talleres','Comercializadora De Frutas Y Verduras D&B Ltda','76382587-6',22258,22258,22,10,25,13,549,115),(220,'1','6006854','2115','2018-03-31 00:00:00','2018-04-24 00:00:00','insumos de talleres','Comercializadora De Frutas Y Verduras D&B Ltda','76382587-6',169091,169091,22,10,25,13,549,115),(221,'1','6006854','2116','2018-03-31 00:00:00','2018-04-24 00:00:00','insumos de talleres','Comercializadora De Frutas Y Verduras D&B Ltda','76382587-6',60517,60517,22,10,25,13,549,115),(222,'1','6006854','2117','2018-03-31 00:00:00','2018-04-24 00:00:00','insumos de talleres','Comercializadora De Frutas Y Verduras D&B Ltda','76382587-6',189817,189817,22,10,25,13,549,115),(223,'1','6006854','2118','2018-03-31 00:00:00','2018-04-24 00:00:00','insumos de talleres','Comercializadora De Frutas Y Verduras D&B Ltda','76382587-6',69935,69935,22,10,25,13,549,115),(224,'1','6006854','2119','2018-03-31 00:00:00','2018-04-24 00:00:00','insumos de talleres','Comercializadora De Frutas Y Verduras D&B Ltda','76382587-6',100393,100393,22,10,25,13,549,115),(225,'1','6006854','2120','2018-03-31 00:00:00','2018-04-24 00:00:00','insumos de talleres','Comercializadora De Frutas Y Verduras D&B Ltda','76382587-6',85482,85482,22,10,25,13,549,115),(226,'1','6006854','2121','2018-03-31 00:00:00','2018-04-24 00:00:00','insumos de talleres','Comercializadora De Frutas Y Verduras D&B Ltda','76382587-6',67823,67823,22,10,25,13,549,115),(227,'1','6006854','2122','2018-03-31 00:00:00','2018-04-24 00:00:00','insumos de talleres','Comercializadora De Frutas Y Verduras D&B Ltda','76382587-6',54478,54478,22,10,25,13,549,115),(228,'1','6006854','2123','2018-03-31 00:00:00','2018-04-24 00:00:00','insumos de talleres','Comercializadora De Frutas Y Verduras D&B Ltda','76382587-6',20692,20692,22,10,25,13,549,115),(229,'1','6006854','2138','2018-04-11 00:00:00','2018-04-24 00:00:00','insumos de talleres','Comercializadora De Frutas Y Verduras D&B Ltda','76382587-6',164017,164017,22,10,25,13,549,115),(230,'1','6006854','2139','2018-04-11 00:00:00','2018-04-24 00:00:00','insumos de talleres','Comercializadora De Frutas Y Verduras D&B Ltda','76382587-6',87902,87902,22,10,25,13,549,115),(231,'1','6006854','2142','2018-04-11 00:00:00','2018-04-24 00:00:00','insumos de talleres','Comercializadora De Frutas Y Verduras D&B Ltda','76382587-6',97895,97895,22,10,25,13,549,115),(232,'1','6006854','2143','2018-04-11 00:00:00','2018-04-24 00:00:00','insumos de talleres','Comercializadora De Frutas Y Verduras D&B Ltda','76382587-6',86740,86740,22,10,24,13,549,115),(233,'1','6006854','2144','2018-04-11 00:00:00','2018-04-24 00:00:00','insumos de talleres','Comercializadora De Frutas Y Verduras D&B Ltda','76382587-6',73844,73844,22,10,24,13,549,115),(234,'1','6006854','2145','2018-04-11 00:00:00','2018-04-24 00:00:00','insumos de talleres','Comercializadora De Frutas Y Verduras D&B Ltda','76382587-6',26256,26256,22,10,25,13,549,115),(235,'1','6006854','2146','2018-04-11 00:00:00','2018-04-24 00:00:00','insumos de talleres','Comercializadora De Frutas Y Verduras D&B Ltda','76382587-6',138623,138623,22,10,25,13,549,115),(236,'1','6006854','2147','2018-04-11 00:00:00','2018-04-24 00:00:00','insumos de talleres','Comercializadora De Frutas Y Verduras D&B Ltda','76382587-6',101843,101843,22,10,25,13,549,115),(239,'0','','08052018','2018-04-08 00:00:00','2018-04-08 00:00:00','becas de movilizacion','Lorena Lazcano','13239985-9',1000000,1000000,60,11,31,15,121,264),(240,'1','6051072','44','2018-04-24 00:00:00','2018-04-24 00:00:00','APOYO ESPIRITUAL','Eduardo Millan Esteban','14498671-7',99000,99000,59,13,37,3,160,253),(242,'1','6038287','1064009','2018-04-01 00:00:00','2018-04-11 00:00:00','Atención neurológica ','Megasalud S.A','96942400-2',44360,44360,40,5,10,11,1023,177),(243,'1','6038283','170','2018-04-25 00:00:00','2018-04-25 00:00:00','Atención médica programa PIE','María Esperanza Verdesoto Flores','14674028-6',1173000,1173000,40,5,10,12,164,177),(246,'1','6032142','410804','2018-04-21 00:00:00','2018-04-21 00:00:00','Valoración salud  34 alumnos','Servicios Integrales De Salud Limitada','77232540-1',527000,527000,40,5,10,3,673,177),(247,'1','6032154','01042018','2018-04-30 00:00:00','2018-04-30 00:00:00','pasajes ','Ana Carolina Alvarado Osorio','13610791-7',25000,25000,41,11,31,7,138,183),(248,'1','6074969','01042018','2018-04-30 00:00:00','2018-04-30 00:00:00','pasajes','Ana Carolina Alvarado Osorio','13610791-7',20000,20000,41,11,31,7,138,183),(249,'2',NULL,NULL,'2018-05-01 00:00:00','2018-05-01 00:00:00',NULL,'-','-',0,0,55,24,57,19,1000,234),(250,'1','6074974','108','2018-04-10 00:00:00','2018-04-10 00:00:00','entradas parque en el aire','Turismo Aventura Parque en el Aire Ltda','76235977-4',248501,248501,22,9,21,13,1031,117),(251,'1','6032136','6032136','2018-04-27 00:00:00','2018-04-27 00:00:00','Internet','Servicios Informaticos Y Telecomunicaciones Limitada','76314066-0',71400,71400,6,19,51,13,532,32),(252,'1','6032145','1146','2018-04-27 00:00:00','2018-04-27 00:00:00','implementos deportivos educacion fisica','Deportes Ram S.A','76208579-8',1871740,1871740,22,9,20,13,491,112),(253,'1','6032147','161247','2018-04-27 00:00:00','2018-04-27 00:00:00','caja activa, parlantes','Comercial E Importadora Audiomusica Spa','96579920-6',1812560,1812560,22,12,35,13,889,113),(254,'1','6032137','98484','2018-03-27 00:00:00','2018-04-17 00:00:00','agua','Apr Comité Agua Potable Rural Rosario Codao','71908500-8',159700,159700,6,1,1,2,369,33),(255,'1','6032153','288','2018-05-02 00:00:00','2018-05-02 00:00:00','medallas','Nora Salas Castaleda','3941941-6',150000,150000,22,12,36,13,263,112),(256,'1','6074966','10137761','2018-05-07 00:00:00','2018-05-07 00:00:00','materiales prisa','Proovedores Integrales Prisa S.A ','96556940-5',151939,151939,22,10,25,13,887,115),(257,'1','6074967','10137767','2018-05-07 00:00:00','2018-05-07 00:00:00','materiales prisa','Proovedores Integrales Prisa S.A ','96556940-5',90300,90300,22,10,25,13,887,115),(258,'1','6032147','16','2018-04-27 00:00:00','2018-04-27 00:00:00','transporte de implementos musicales','Sebastian Alejandro Allende Flores','20027137-8',30000,30000,22,11,33,13,1024,119),(259,'1','6032149','140','2018-05-02 00:00:00','2018-05-02 00:00:00','bolsa ecologica','Mario Esteban Pinto Cañete','16196431-k',476000,476000,22,14,36,13,194,117),(260,'1','6074968','10137762','2018-05-07 00:00:00','2018-05-07 00:00:00','materiales prisa','Proovedores Integrales Prisa S.A ','96556940-5',145057,145057,22,10,25,13,887,115),(261,'1','6032138','98370','2018-04-17 00:00:00','2018-04-17 00:00:00','agua','Apr Comité Agua Potable Rural Rosario Codao','71908500-8',93450,93450,6,1,1,2,369,33),(262,'1','6032150','316','2018-05-03 00:00:00','2018-05-03 00:00:00','cascos, guantes','Valentin Antonio Peralta Cordero','9176295-1',272301,272301,22,12,35,13,1025,112),(263,'1','6032151','166','2018-05-03 00:00:00','2018-05-03 00:00:00','letrero vida saludable','Paraguez Hermanas Limitada','76361293-7',138001,138001,22,12,36,13,541,112),(264,'0','','3015360','2018-04-27 00:00:00','2018-04-27 00:00:00','notebooks','Personal Computer Factory S.A','78885550-8',1297461,1297461,23,8,18,13,727,122),(265,'1','6032140','5','2018-04-30 00:00:00','2018-04-30 00:00:00','cera, cloro, paños, bolsas,etc','Sergio Hernan Yañez Jimenez','14335926-3',94010,94010,5,2,6,13,157,28),(266,'1','6032140','6','2018-04-30 00:00:00','2018-04-30 00:00:00','traperos, limpia pisos, etc','Sergio Hernan Yañez Jimenez','14335926-3',32130,32130,5,2,6,13,157,31),(267,'1','6032141','4','2018-04-30 00:00:00','2018-04-30 00:00:00','confort, nova industrial.','Sergio Hernan Yañez Jimenez','14335926-3',132090,132090,5,6,15,13,157,31),(268,'1','6032146','186487261','2018-04-23 00:00:00','2018-04-27 00:00:00','luz','Compañía General de Electricidad S.A','76411321-7',226677,226677,6,1,3,10,1026,35),(269,'0','','3015361','2018-04-27 00:00:00','2018-04-27 00:00:00','teclado mouse','Personal Computer Factory S.A','78885550-8',91119,91119,23,8,18,13,727,122),(270,'0','','3015362','2018-04-27 00:00:00','2018-04-27 00:00:00','impresoras','Personal Computer Factory S.A','78885550-8',239980,239980,23,8,18,13,727,122),(271,'1','6032148','41408824','2018-04-20 00:00:00','2018-04-20 00:00:00','telefono','Telefonica Chile S.A','90635000-9',35453,35453,6,15,39,13,842,37),(272,'1','6074965','1580','2018-05-04 00:00:00','2018-05-04 00:00:00','gas','Comercializadora Y Distribuidora Lynnn Paz Limitada','76300857-6',223403,223403,6,1,2,13,529,34),(273,'0','','51527','2018-04-05 00:00:00','2018-04-05 00:00:00','NOVA','Margarita De Las Mercedes Garrido Galaz','6756326-3',1400,1400,5,2,6,1,346,28),(274,'0','','8931','2018-04-09 00:00:00','2018-04-09 00:00:00','confort','Sergio Hernan Yañez Jimenez','14335926-3',10500,10500,5,6,15,1,157,31),(275,'0','','jklkjljkljk','2018-03-30 00:00:00','2018-04-01 00:00:00','','','',0,0,21,24,57,1,1000,2),(276,'2','','','2018-04-27 00:00:00','2018-04-27 00:00:00','','Abarrotes Economicos S.A.','76833720-9',0,0,21,24,57,19,652,234),(277,'0','','3015359','2018-04-27 00:00:00','2018-04-27 00:00:00','computadores','Personal Computer Factory S.A','78885550-8',1427160,1427160,23,8,18,13,727,122),(278,'0','','173135','2018-04-12 00:00:00','2018-04-12 00:00:00','leche, nescafe, azucar,etc.','Victor Manuel Corona Alarcon','5845580-6',28651,28651,5,4,9,13,1027,25),(279,'0','','3930797','2018-04-13 00:00:00','2018-04-13 00:00:00','esmalte','Garcia, Rio Y Cia','81571600-0',10550,10550,11,3,8,10,774,59),(280,'0','','5772','2018-04-16 00:00:00','2018-04-16 00:00:00','tubos fluorecentes','Madrigal Noriega Limitada','79544390-8',22800,22800,11,3,8,13,738,59),(281,'0','','405527','2018-04-17 00:00:00','2018-04-17 00:00:00','pan de huevo','Maria Elena Salazar Rivera','7086910-1',10500,10500,5,4,9,1,358,25),(282,'0','','405526','2018-04-17 00:00:00','2018-04-17 00:00:00','pan de huevo','Maria Elena Salazar Rivera','7086910-1',2100,2100,5,4,9,1,358,25),(283,'0','','405710','2018-04-20 00:00:00','2018-04-20 00:00:00','pan de huevo','Maria Elena Salazar Rivera','7086910-1',10500,10500,5,4,9,1,358,25),(284,'0','','16','2018-04-20 00:00:00','2018-04-20 00:00:00','mano d obra arreglo chapas y otros','Sergio Hernan Yañez Jimenez','14335926-3',95000,95000,11,3,8,12,157,59),(285,'0','','30042018','2018-04-30 00:00:00','2018-04-30 00:00:00','consolidado','Ana Carolina Alvarado Osorio','13610791-7',132999,132999,5,11,33,15,138,30),(290,'0','','283293','2018-03-29 00:00:00','2018-05-04 00:00:00','fotocopias','Dimacofi Negocias Avanzados Sa','76570350-6',47377,47377,23,10,26,13,614,124),(291,'0','','30042018','2018-04-30 00:00:00','2018-04-30 00:00:00','pasajes','Ana Carolina Alvarado Osorio','13610791-7',74500,74500,25,11,31,15,138,137),(292,'1','6006854','2148','2018-04-12 00:00:00','2018-04-24 00:00:00','insumos de talleres','Comercializadora De Frutas Y Verduras D&B Ltda','76382587-6',111765,111765,22,10,25,13,549,115),(293,'1','6006854','2150','2018-05-01 00:00:00','2018-05-01 00:00:00','insumos de talleres','Comercializadora De Frutas Y Verduras D&B Ltda','76382587-6',43566,43566,22,10,25,13,549,115),(294,'1','6006852','421','2018-04-16 00:00:00','2018-04-25 00:00:00','traslado de alumnas','Trinidad Del Carmen Escobar Guajardo','12278608-0',1910000,1910000,25,11,31,14,87,131),(295,'1','6051070','5074954','2018-04-26 00:00:00','2018-04-26 00:00:00','materiales didacticos','Empresa Dmg  S.A','96803690-4',10980,10980,22,10,25,13,917,115),(296,'1','6051070','5074955','2018-04-26 00:00:00','2018-04-26 00:00:00','materiales didacticos','Empresa Dmg  S.A','96803690-4',137114,137114,22,10,25,13,917,115),(297,'1','6051070','5074957','2018-04-26 00:00:00','2018-04-26 00:00:00','materiales didacticos','Empresa Dmg  S.A','96803690-4',258744,258744,22,10,25,13,917,115),(298,'1','6051070','5074956','2018-04-26 00:00:00','2018-04-26 00:00:00','materiales didacticos','Empresa Dmg  S.A','96803690-4',228168,228168,22,10,25,13,917,115),(299,'1','6051070','5074958','2018-04-26 00:00:00','2018-04-26 00:00:00','materiales didacticos','Empresa Dmg  S.A','96803690-4',219761,219761,22,10,25,13,917,115),(300,'1','6051070','5074961','2018-04-26 00:00:00','2018-04-26 00:00:00','materiales didacticos','Empresa Dmg  S.A','96803690-4',258132,258132,22,10,25,13,917,115),(301,'1','6051070','5074960','2018-04-26 00:00:00','2018-04-26 00:00:00','materiales didacticos','Empresa Dmg  S.A','96803690-4',13761,13761,22,10,25,13,917,115),(302,'1','6051070','5074959','2018-04-26 00:00:00','2018-04-26 00:00:00','materiales didacticos','Empresa Dmg  S.A','96803690-4',76828,76828,22,10,25,13,917,115),(303,'1','6051070','5074962','2018-04-26 00:00:00','2018-04-26 00:00:00','materiales didacticos','Empresa Dmg  S.A','96803690-4',145530,145530,22,10,25,13,917,115),(304,'1','6051070','5074963','2018-04-26 00:00:00','2018-04-26 00:00:00','materiales didacticos','Empresa Dmg  S.A','96803690-4',251074,251074,22,10,25,13,917,115),(305,'1','6006853','422','2018-04-16 00:00:00','2018-04-25 00:00:00','traslado de alumnas','Trinidad Del Carmen Escobar Guajardo','12278608-0',600000,600000,25,11,31,14,87,131),(306,'1','6006854','2066378','2018-03-17 00:00:00','2018-04-24 00:00:00','utiles de aseo','ASF Logistica Spa','76481576-9',216755,216755,25,2,6,13,584,138),(307,'1','6006854','2049936','2018-05-01 00:00:00','2018-05-01 00:00:00','utiles de aseo','ASF Logistica Spa','76481576-9',176083,176083,25,2,6,13,584,138),(308,'1','6006854','2153','2018-05-01 00:00:00','2018-05-01 00:00:00','insumo talleres','Comercializadora De Frutas Y Verduras D&B Ltda','76382587-6',82454,82454,22,10,25,13,549,115),(309,'1','6006854','2152','2018-05-01 00:00:00','2018-05-01 00:00:00','nsumo talleres','Comercializadora De Frutas Y Verduras D&B Ltda','76382587-6',71305,71305,22,10,25,13,549,115),(310,'1','6006854','2151','2018-05-01 00:00:00','2018-05-01 00:00:00','nsumo talleres','Comercializadora De Frutas Y Verduras D&B Ltda','76382587-6',114038,114038,22,10,25,13,549,115),(312,'1','6074987','103','2018-04-10 00:00:00','2018-04-10 00:00:00','viaje en bus','Juan Vital Guerero Escobar','10029509-1',120000,120000,22,11,33,13,15,117),(313,'1','6074979','16986','2018-05-22 00:00:00','2018-05-22 00:00:00','material didactico','Seigard Chile S.A','96978670-2',416048,416048,22,10,25,13,1029,115),(314,'1','6074975','228','2018-05-17 00:00:00','2018-05-17 00:00:00','entradas casa ecologica','Casa Ecologica Claudia Lobos Abarca','76327009-2',49600,49600,22,14,38,1,1030,117),(315,'1','6074994','10165105','2018-05-31 00:00:00','2018-05-31 00:00:00','PRISA','Proovedores Integrales Prisa S.A ','96556940-5',341486,341486,22,10,25,13,887,115),(318,'1','6038318','45','2018-05-03 00:00:00','2018-05-03 00:00:00','Maquillaje  Fantasia','Carlos Eduardo Robles Villablanca','16476404-4',79999,79999,25,19,52,12,1034,138),(319,'1','6038317','115','2018-05-17 00:00:00','2018-05-17 00:00:00','Cambio de vidrios, reparación chapas,puerta camarin','Miguel Angel Qezada Castro','7845366-4',238571,238571,49,3,8,13,717,212),(320,'0','','20','2018-05-28 00:00:00','2018-05-28 00:00:00','JUGUETES PATIO ENTRETENIDO','Importadora Y Exportadora Regalos Ángel Limitada','76589895-1',115260,115260,24,9,21,13,621,128),(321,'1','6038317','116','2018-05-17 00:00:00','2018-05-17 00:00:00','Fabricación e instalación de estructura de aluminio','Miguel Angel Qezada Castro','7845366-4',184450,184450,49,3,8,13,717,212),(324,'1','6051086','6424','2018-05-22 00:00:00','2018-05-22 00:00:00','detección gas trazador','Soluciones Globales Empresa de Servicios Ltda','77905730-5',235620,235620,49,3,8,13,1041,212),(325,'1','6051086','26085','2018-05-14 00:00:00','2018-05-14 00:00:00','visita técnica','Fugas Empresa de Asesoria Ltda','76287264-1',29800,29800,49,3,8,2,1040,212),(330,'1','6074973','01052018','2018-05-30 00:00:00','2018-05-30 00:00:00','INTERNET','Servicios Informaticos Y Telecomunicaciones Limitada','76314066-0',71400,71400,6,19,51,13,532,32),(331,'1','6074981','01052018','2018-05-24 00:00:00','2018-05-24 00:00:00','CERAS, BOLSAS BASURAS, PAÑOS, ETC.','Sergio Hernan Yañez Jimenez','14335926-3',106564,106564,5,6,15,13,157,31),(332,'1','6074982','01052018','2018-05-24 00:00:00','2018-05-24 00:00:00','CONFORT, NOVA, PLUMEROS, CLORINDAS, ETC.','Sergio Hernan Yañez Jimenez','14335926-3',148750,148750,5,2,6,13,157,28),(333,'1','6074983','18','2018-05-24 00:00:00','2018-05-24 00:00:00','ARREGLO MESAS DE PING-PONG.','Sergio Hernan Yañez Jimenez','14335926-3',45000,45000,11,3,8,12,157,59),(334,'1','6074984','99130','2018-04-30 00:00:00','2018-05-24 00:00:00','CONSUMO DE AGUA','Apr Comité Agua Potable Rural Rosario Codao','71908500-8',112200,112200,6,1,1,2,369,33),(335,'1','6074985','99244','2018-04-30 00:00:00','2018-05-24 00:00:00','CONSUMO DE AGUA','Apr Comité Agua Potable Rural Rosario Codao','71908500-8',263450,263450,6,1,1,2,369,33),(336,'1','6074986','188899287','2018-04-24 00:00:00','2018-05-24 00:00:00','CONSUMO DE ELECTRICIDAD','Compañía General de Electricidad S.A','76411321-7',300446,300446,6,1,3,10,1026,35),(337,'1','6074990','01052018','2018-05-30 00:00:00','2018-05-30 00:00:00','CONSUMO DE GAS','Jaime Andres Rojas Bustamante','11366642-0',245000,245000,6,1,2,10,62,34),(338,'1','6074992','17','2018-05-31 00:00:00','2018-05-31 00:00:00','ARREGLO DE TACA, TACAS','Sergio Hernan Yañez Jimenez','14335926-3',110000,110000,11,3,8,12,157,59),(339,'0','','30052018','2018-05-30 00:00:00','2018-05-30 00:00:00','MOVILIZACION','Ana Carolina Alvarado Osorio','13610791-7',166000,166000,5,11,31,15,138,30),(340,'0','','1335','2018-05-31 00:00:00','2018-05-31 00:00:00','queques','María Paz Vidal Lopez','12726344-2',9000,9000,5,4,9,1,106,25),(342,'0','','418618','2018-05-02 00:00:00','2018-05-02 00:00:00','flores','Carlos Antonio Cabrera Quezada ','8507037-1',23000,23000,5,14,38,1,1046,31),(343,'0','','14141','2018-05-03 00:00:00','2018-05-03 00:00:00','pelota de taca-taca','Deportes Lorens  S.A','76446500-8',5000,5000,5,20,53,10,570,31),(344,'0','','326305332','2018-05-09 00:00:00','2018-05-09 00:00:00','pan,queso,jamon','Hipermercado Tottus S.A','78627210-6',4806,4806,5,20,53,10,721,25),(351,'1','6066785','10141573','2018-05-09 00:00:00','2018-05-29 00:00:00','te,azucar','Proovedores Integrales Prisa S.A ','96556940-5',10641,10641,5,4,9,13,887,25),(352,'1','6038308','10161173','2018-05-22 00:00:00','2018-05-30 00:00:00','Escobillon, mopa,etergente, guantes','Proovedores Integrales Prisa S.A ','96556940-5',234845,234845,5,2,6,13,887,28),(353,'1','6038309','90282651','2018-05-03 00:00:00','2018-05-03 00:00:00','Ampolletas, cable paralelo','Sodimac  S.A','96792430-K',49679,49679,5,3,8,13,915,31),(354,'1','6038309','476716111','2018-05-12 00:00:00','2018-05-12 00:00:00','carrete, tapa, soporte','Sodimac  S.A','96792430-K',5890,5890,5,3,8,10,915,31),(355,'1','6038309','74398','2018-05-03 00:00:00','2018-05-03 00:00:00','Copia llaves para  PIE','Luis Alejandro Cid Urrutia','12189494-7',2400,2400,5,3,8,1,84,31),(356,'1','6038309','477285519','2018-05-14 00:00:00','2018-05-14 00:00:00','5 LTS. dILUYENTE  DUCO','Sodimac  S.A','96792430-K',10990,10990,5,3,8,10,915,31),(357,'1','6038309','477285520','2018-05-14 00:00:00','2018-05-14 00:00:00','5 LTS DILUYENTE DUCO','Sodimac  S.A','96792430-K',10990,10990,5,3,8,10,915,31),(358,'1','6038309','2980','2018-05-14 00:00:00','2018-05-14 00:00:00','cOPIAS  DE LLAVES','Enrique Rodriguez Rios','6448496-6',1800,1800,5,3,8,1,325,31),(359,'1','6038310','19861028','2018-05-18 00:00:00','2018-05-18 00:00:00','bEBIDAS, qUESO','Alvi S.A','96618540-6',12299,12299,5,4,9,13,891,25),(360,'1','6038310','1262803963','2018-05-18 00:00:00','2018-05-18 00:00:00','bEBIDAS, QUESO','Administradora De Supermercados Hiper Ltda','76134941-4',28182,28182,5,4,9,10,451,25),(361,'1','6038311','10158501','2018-05-18 00:00:00','2018-05-30 00:00:00','tE, CAFE, GALLETAS, AGUA MINERAL','Proovedores Integrales Prisa S.A ','96556940-5',54698,54698,5,4,9,13,887,25),(362,'1','3038319','709','2018-05-29 00:00:00','2018-05-29 00:00:00','Pan','Jose Contreras Lagos','17926902-3',24800,24800,5,4,9,13,234,25),(363,'1','6038312','3687','2018-05-22 00:00:00','2018-05-30 00:00:00','papel higienico, toalla nova,cloro','Comercial Logroño Ltda','77024990-2',225557,225557,5,6,15,13,660,31),(364,'1','6038314','477133375','2018-05-15 00:00:00','2018-05-15 00:00:00','Antorcha para actividad Pentecostes','Sodimac  S.A','96792430-K',7120,7120,5,13,37,10,915,31),(365,'0','','791268','2018-05-12 00:00:00','2018-05-12 00:00:00','vasos','Hermanas Salvatierras Ltda','76051889-1',2250,2250,5,4,9,1,411,31),(366,'0','','67321634','2018-05-12 00:00:00','2018-05-12 00:00:00','galletas,malvas,rockerl,nectar','Administradora De Supermercados Express Ltda','76134946-5',49800,49800,5,4,9,13,452,25),(367,'0','','1787708','2018-05-12 00:00:00','2018-05-12 00:00:00','medicamento aradix retard 10mg','Institucion de Beneficencia Venta Medicamento','70335000-3',23250,23250,4,5,12,10,1047,19),(372,'1','6066802','5821','2018-05-14 00:00:00','2018-05-31 00:00:00','zapatilla,cable','Alvaro Rodrigo Padilla Lemus','10199650-6',30666,30666,5,20,53,10,20,31),(375,'1','6066787','0017439','2018-05-04 00:00:00','2018-05-29 00:00:00','cartulina blanca,azul,celeste,carton forrado,palo de helado','Comercializadora Y Distribuidora La Paloma Ltda','76376800-7',46838,46838,23,10,25,13,546,126),(376,'1','6066789','202','2018-05-14 00:00:00','2018-05-31 00:00:00','día del alumno torta','Erwin Andres Brauning Osses','9221924-0',110000,110000,25,4,9,13,858,134),(377,'1','6066788','0020007','2018-05-22 00:00:00','2018-05-29 00:00:00','resmas carta y oficio,scotch,corchete,velcro,opalina,cinta embalaje,lapices','Comercializadora Y Distribuidora La Paloma Ltda','76376800-7',308787,308787,22,10,25,13,546,119),(378,'1','6066790','8331796','2018-05-25 00:00:00','2018-05-25 00:00:00','salida a Buin zoo','Sociedad Granja Agricola Educacional Limitada','77051760-5',240000,240000,25,10,27,13,662,138),(381,'1','6038314','292','2018-05-19 00:00:00','2018-05-19 00:00:00','Hostias chicas  y grandes','Congregacion Pias Discipulas Del Divino','70024390-7',28780,28780,5,13,37,13,353,31),(382,'1','6038314','294','2018-05-22 00:00:00','2018-05-22 00:00:00','Biblias latinoamericana y lectura cotidiana','Congregacion Pias Discipulas Del Divino','70024390-7',119100,119100,5,13,37,13,353,31),(383,'1','6038316','1232097390','2018-05-07 00:00:00','2018-05-07 00:00:00','Reunión almuerzo Directores FEPI','Administradora De Supermercados Hiper Ltda','76134941-4',12720,12720,5,14,38,10,451,31),(384,'1','6038316','327648603','2018-05-15 00:00:00','2018-05-15 00:00:00','rEUNION DESAYUNO inacap puente  alto','Hipermercado Tottus S.A','78627210-6',24623,24623,5,14,38,10,721,31),(385,'1','6038316','23919','2018-05-02 00:00:00','2018-05-02 00:00:00','Flores  dia  de la madre','Gladys Monica Barrera Ortega','9428825-8',12000,12000,5,14,38,1,1032,31),(386,'1','6038316','629072','2018-05-30 00:00:00','2018-05-30 00:00:00','cajas  de regalo','Soon Nam Kim','14415077-5',3590,3590,5,14,38,1,1033,31),(387,'1','6038316','326219924','2018-04-29 00:00:00','2018-04-29 00:00:00','Almuerzo Directores  FEPI','Hipermercado Tottus S.A','78627210-6',11831,11831,5,14,38,10,721,31),(388,'1','6038316','68321189','2018-05-04 00:00:00','2018-05-04 00:00:00','atención artista  dia  de la madre','Alvi S.A','96618540-6',55288,55288,5,14,38,10,891,31),(389,'1','6038313','01','2018-05-30 00:00:00','2018-05-30 00:00:00','Bencina, estacionamiento,carga tarjeta BIP','Walter Acevedo Duarte','6513613-9',197541,197451,5,11,31,7,335,27),(393,'1','6066784','203','2018-05-14 00:00:00','2018-05-31 00:00:00','torta para dia de la madre','Erwin Andres Brauning Osses','9221924-0',22000,22000,5,14,38,13,858,25),(394,'0','','032970','2018-05-19 00:00:00','2018-05-19 00:00:00','8 copias de llaves','Cristian De La Fuente Bahamondes','10729946-7',4800,4800,5,20,53,1,45,31),(395,'1','6066786','24','2018-05-21 00:00:00','2018-05-25 00:00:00','bolsas de basura,bidón de jabón,paños de aseo,papel higenico,toalla de papel ','Alejandro Antonio Nuñez Espinoza','11658006-3',163037,163037,5,2,6,13,73,28),(396,'0','','575','2018-05-26 00:00:00','2018-05-26 00:00:00','caleidoscopio,reloj arena,cubo colores,recorrido,pelotas,trompos','Comercial Choco-Choco Ltda','77629610-4',28580,28580,2,10,25,13,1048,10),(397,'0','','090858516','2018-05-30 00:00:00','2018-05-31 00:00:00','teléfono fijo,pilas','Sodimac  S.A','96792430-K',12981,12981,5,20,53,10,915,31),(398,'1','6066762','23','2018-05-01 00:00:00','2018-05-17 00:00:00','bolsa de basura','Alejandro Antonio Nuñez Espinoza','11658006-3',170842,170842,5,2,6,13,73,28),(399,'1','6074991','3016246','2018-05-28 00:00:00','2018-05-28 00:00:00','impresora','Personal Computer Factory S.A','78885550-8',79989,79989,23,17,46,13,727,124),(400,'0','','6313','2018-05-28 00:00:00','2018-05-28 00:00:00','juegos de mesa ','Sociedad Comercial P y G Ltda','77014390-k',14269,14269,24,9,21,13,1035,128),(401,'0','','1177320590','2018-05-02 00:00:00','2018-05-02 00:00:00','pan,jamón,néctar,galletas','Cencosud Retail S.A','81201000-k',9880,9880,5,4,9,10,769,25),(402,'0','','1177320591','2018-05-02 00:00:00','2018-05-02 00:00:00','pan,galletas,néctar,mantequilla','Cencosud Retail S.A','81201000-k',8853,8853,5,4,9,10,769,25),(403,'0','','8787027','2018-05-08 00:00:00','2018-05-08 00:00:00','pan,pechuga de pollo,te,galleta para reunión de apoderado s,','Cencosud Retail S.A','81201000-k',13980,13980,5,4,9,13,769,25),(404,'0','','8959755','2018-05-09 00:00:00','2018-05-09 00:00:00','pan,jamón de ave,galletas reunión de apoderado','Cencosud Retail S.A','81201000-k',12013,12013,5,4,9,13,769,25),(405,'1','6066781','10144041','2018-05-10 00:00:00','2018-05-18 00:00:00','galletas,te,café,endulzarte,azúcar','Proovedores Integrales Prisa S.A ','96556940-5',150949,150949,5,4,9,13,887,25),(410,'1','6066800','205','2018-05-14 00:00:00','2018-05-31 00:00:00','torta para el día de la madre','Erwin Andres Brauning Osses','9221924-0',36000,36000,5,14,38,13,858,25),(411,'0','','9236473','2018-05-16 00:00:00','2018-05-16 00:00:00','colizas peruanas, mantequilla, jamón de ave,','Cencosud Retail S.A','81201000-k',30084,30084,5,13,37,13,769,25),(412,'0','','0000332510','2018-05-17 00:00:00','2018-05-17 00:00:00','marshmallows,trensito,confites,bebidas,helados','Alimentos Fruna Ltda','84156500-2',6860,6860,5,13,37,1,801,25),(415,'1','6066801','10103980','2018-05-18 00:00:00','2018-05-29 00:00:00','mantenedor,mopa,bolsas,mantenedor,guantes,trapero,lavaloza,paño amarillo','Proovedores Integrales Prisa S.A ','96556940-5',476195,476195,5,2,6,13,887,31),(416,'0','','58','2018-05-06 00:00:00','2018-05-06 00:00:00','coctel reunión de directores','Marcela Luisa Valdes Norambuena','13085994-1',53000,53000,5,14,38,12,118,22),(417,'0','','476570455','2018-05-13 00:00:00','2018-05-13 00:00:00','alicate brocas','Sodimac  S.A','96792430-K',7890,7890,5,20,53,10,915,31),(418,'0','','476716306','2018-05-13 00:00:00','2018-05-13 00:00:00','tapa pvc gorro tornillo teflón','Sodimac  S.A','96792430-K',3590,3590,5,20,53,10,915,31),(419,'0','','191524081','2018-05-06 00:00:00','2018-05-06 00:00:00','telefono','Entel Pcs Telecomunicaciones S.A','96806980-2',29990,29990,6,15,40,13,919,37),(420,'0','','132897','2018-04-02 00:00:00','2018-04-02 00:00:00','bolsas pastoral','Maria Antonieta Parraguez Henriquez','6953849-5',5000,5000,5,20,53,1,350,31),(421,'0','','13629376','2018-04-10 00:00:00','2018-04-10 00:00:00','cable usb','Comercial Monica Donoso Flores E.I.R.L','76280983-4',9990,9990,5,17,45,1,1011,31),(422,'0','','104639','2018-04-17 00:00:00','2018-04-17 00:00:00','flores','Ruth Barona Tapia ','5869643-9',3000,3000,5,20,53,1,1010,31),(423,'0','','418446','2018-05-16 00:00:00','2018-05-16 00:00:00','flores','Eva Flores Oyarce','6627144-7',5000,5000,5,20,53,1,1008,31),(424,'0','','980','2018-05-22 00:00:00','2018-05-22 00:00:00','galvanos','Bronceria Nacional Ltda','76049198-5',24990,24990,5,14,38,13,406,31),(425,'0','','9257789','2018-05-22 00:00:00','2018-05-22 00:00:00','pan,queso,aceitunas,mani','Cencosud Retail S.A','81201000-k',13154,13154,5,4,9,13,769,25),(426,'0','','053881','2018-05-29 00:00:00','2018-05-29 00:00:00','bolsas plasticas','Carmen Cecilia Contreras Coronado','9604652-9',4200,4200,5,4,9,1,1044,31),(427,'1','6074980','5','2018-05-28 00:00:00','2018-05-28 00:00:00','juegos de fierro','Omar Enrique Perez Zuñiga','13346005-5',1065500,1065500,24,9,21,3,1038,128),(428,'1','6066782','3028329','2018-05-01 00:00:00','2018-05-29 00:00:00','agua manantial','Manantial S.A','96711590-8',169861,169861,5,4,9,13,907,31),(429,'1','6074996','5','2018-05-28 00:00:00','2018-05-28 00:00:00','juegos de fierro','Omar Enrique Perez Zuñiga','13346005-5',1065500,1065500,24,9,21,3,1038,128),(430,'1','6074989','3826','2018-05-28 00:00:00','2018-05-28 00:00:00','arena gruesa','Aridos e Inversiones San Vicente Ltda','77894100-7',95000,95000,24,3,8,13,1039,128),(431,'0','','25190','2018-05-28 00:00:00','2018-05-28 00:00:00','juegos','Xiaguo Chile','76503345-4',4400,4400,24,9,21,1,1036,128),(432,'0','','25191','2018-05-28 00:00:00','2018-05-28 00:00:00','juegos','Xiaguo Chile','76503345-4',10000,10000,24,9,21,1,1036,128),(433,'0','','25192','2018-05-28 00:00:00','2018-05-28 00:00:00','juegos','Xiaguo Chile','76503345-4',10000,10000,24,9,21,1,1036,128),(434,'0','','25193','2018-05-28 00:00:00','2018-05-28 00:00:00','juegos','Xiaguo Chile','76503345-4',10000,10000,24,9,21,1,1036,128),(435,'1','6066798','289899','2018-05-02 00:00:00','2018-05-29 00:00:00','risoink f typeblack ua riso, riso master f type33ua riso','Dimacofi S.A','92083000-5',1142400,1142400,25,18,49,13,1028,138),(436,'0','','133837 - 133838 - 133839 - 133840','2018-05-07 00:00:00','2018-05-07 00:00:00','premios del día del alumno','Comercial Anduke Ltda','76380773-8',40000,40000,25,14,38,1,1049,138),(437,'1','6066806','5961','2018-05-31 00:00:00','2018-05-31 00:00:00','Parlantes,fafhy','Alvaro Rodrigo Padilla Lemus','10199650-6',77694,77694,25,17,45,13,20,135),(439,'0','','414797','2018-05-23 00:00:00','2018-05-23 00:00:00','flores','Eva Flores Oyarce','6627144-7',5000,5000,5,20,53,1,1008,31),(440,'0','','31052018','2018-05-31 00:00:00','2018-05-31 00:00:00','movilizacion','Mónica Salazar Castro','15431006-1',54200,54200,5,11,31,15,174,30),(441,'0','','476845898','2018-05-14 00:00:00','2018-05-14 00:00:00','abrazadera','Sodimac  S.A','96792430-K',1475,1475,5,20,53,10,915,31),(442,'0','','476845898','2018-05-27 00:00:00','2018-05-27 00:00:00','enchufe macho triple etc','Sodimac  S.A','96792430-K',10870,10870,5,20,53,10,915,31),(443,'0','','606225','2018-05-01 00:00:00','2018-05-01 00:00:00','alimentos','Sociedad De Alimentos Paypas Ltda','79653190-8',6920,6920,5,4,9,1,740,31),(444,'0','','18823','2018-05-22 00:00:00','2018-05-22 00:00:00','cadenas cortinas roller','Linda Sabat y Cia Ltda','76017029-1',35700,35700,5,20,53,13,1043,31),(445,'0','','42194112','2018-05-17 00:00:00','2018-05-17 00:00:00','termos','Abarrotes Economicos S.A.','76833720-9',36810,36810,5,20,53,13,652,31),(446,'0','','67368105','2018-05-30 00:00:00','2018-05-30 00:00:00','pendrive','Administradora De Supermercados Hiper Ltda','76134941-4',16990,16990,5,18,48,13,451,31),(447,'0','','5759','2018-05-30 00:00:00','2018-05-30 00:00:00','face plate hdmi vega','Nelson Ramon Cuevas Moya','6468390-k',38996,38996,2,17,45,13,329,5),(448,'0','','67367805','2018-05-26 00:00:00','2018-05-26 00:00:00','teclados','Administradora De Supermercados Hiper Ltda','76134941-4',9990,9990,2,17,45,13,451,5),(449,'0','','67368104','2018-05-30 00:00:00','2018-05-30 00:00:00','pendrive','Administradora De Supermercados Hiper Ltda','76134941-4',14990,14990,5,17,45,13,451,26),(450,'1','6051101','763','2018-05-31 00:00:00','2018-05-31 00:00:00','CERA CLORO TRAPEROS ETC.','Jorge Alejandro Calderon Silva','16423178-k',447906,447906,5,2,6,13,1012,28),(451,'1','6051097','74665','2018-05-30 00:00:00','2018-05-30 00:00:00','papel higiénico papel absorbente','Empresa Social De Comercialización De Productos Ltda','76026828-3',160888,160888,5,2,6,13,394,28),(452,'1','6051087','5995','2018-05-17 00:00:00','2018-05-17 00:00:00','bolsas de basura','Elsa Aguayo Riquelme','6133436-k',148988,148988,5,2,6,13,316,28),(453,'1','6051098','74664','2018-05-01 00:00:00','2018-05-01 00:00:00','agua purificada','Empresa Social De Comercialización De Productos Ltda','76026828-3',124807,124807,5,4,9,13,394,25),(459,'0','','22390','2018-05-28 00:00:00','2018-05-28 00:00:00','juegos','Tienda y Tejidos Mary','7606008-8',10000,10000,24,9,21,1,1037,128),(460,'0','','22391','2018-05-28 00:00:00','2018-05-28 00:00:00','juegos','Tienda y Tejidos Mary','7606008-8',10000,10000,24,9,21,1,1037,128),(461,'0','','22392','2018-05-28 00:00:00','2018-05-28 00:00:00','juegos','Tienda y Tejidos Mary','7606008-8',8500,8500,24,9,21,1,1037,234),(462,'0','','22393','2018-05-28 00:00:00','2018-05-28 00:00:00','juegos','Tienda y Tejidos Mary','7606008-8',7070,7070,24,9,21,1,1037,128),(463,'1','6074993','1178','2018-05-30 00:00:00','2018-05-31 00:00:00','correas batucada','Lacasa Del Músico Spa','76520261-2',78000,78000,22,12,57,13,599,113),(464,'1','6074995','19','2018-05-31 00:00:00','2018-05-31 00:00:00','invernadero','Sergio Hernan Yañez Jimenez','14335926-3',245850,245850,24,20,53,3,157,128),(465,'0','','','2018-05-31 00:00:00','2018-05-31 00:00:00','consolidado','Ana Carolina Alvarado Osorio','13610791-7',60000,60000,25,11,31,1,138,137),(466,'1','6074976','1209','2018-05-31 00:00:00','2018-05-31 00:00:00','implementos deportivos','Deportes Ram S.A','76208579-8',128672,128672,22,9,20,13,491,112),(469,'1','6074997','27858607','2018-05-31 00:00:00','2018-05-31 00:00:00','te, cafe, azucar, endulzante,etc','Rendic Hermanos S.A','81537600-5',20909,20909,5,4,9,13,772,25),(470,'1','6074998','27773682','2018-05-31 00:00:00','2018-05-31 00:00:00','leche','Rendic Hermanos S.A','81537600-5',6860,6860,5,4,9,13,772,25),(471,'0','','133841','2018-05-07 00:00:00','2018-05-07 00:00:00','premios del día del alumno','Comercial Anduke Ltda','76380773-8',5630,5630,25,14,38,1,1049,138),(472,'0','','0018853','2018-05-07 00:00:00','2018-05-07 00:00:00','cartón piedra,cola fría, tempera azul,amarilla','Comercializadora Y Distribuidora La Paloma Ltda','76376800-7',58039,58036,23,10,25,13,546,126),(473,'0','','0000321197','2018-05-07 00:00:00','2018-05-07 00:00:00','papas fritas,','Alimentos Fruna Ltda','84156500-2',2750,2750,25,4,9,1,801,134),(474,'0','','000014482','2018-05-08 00:00:00','2018-05-08 00:00:00','pack tenedores,platos','World Pack S.A','99516750-6',23191,23191,25,14,38,13,1022,138),(475,'1','6051089','45377','2018-05-16 00:00:00','2018-05-16 00:00:00','plan web hosting','Rackeo','76247932-K',40222,40222,25,20,53,13,514,138),(476,'1','6051090','2205','2018-05-09 00:00:00','2018-05-09 00:00:00','insumo de talleres','Comercializadora De Frutas Y Verduras D&B Ltda','76382587-6',154126,154126,22,4,9,13,549,119),(477,'1','6051090','2204','2018-05-09 00:00:00','2018-05-09 00:00:00','insumo de talleres','Comercializadora De Frutas Y Verduras D&B Ltda','76382587-6',111533,111533,22,4,9,13,549,119),(478,'1','6051090','2203','2018-05-09 00:00:00','2018-05-09 00:00:00','insumo de talleres','Comercializadora De Frutas Y Verduras D&B Ltda','76382587-6',58227,58227,22,4,9,13,549,119),(479,'1','6051090','2202','2018-05-09 00:00:00','2018-05-09 00:00:00','insumo de talleres','Comercializadora De Frutas Y Verduras D&B Ltda','76382587-6',61209,61209,22,4,9,13,549,119),(480,'1','6051090','2201','2018-05-09 00:00:00','2018-05-09 00:00:00','insumo de talleres','Comercializadora De Frutas Y Verduras D&B Ltda','76382587-6',34653,34653,22,4,9,13,549,119),(481,'1','6051090','2200','2018-05-09 00:00:00','2018-05-09 00:00:00','insumo de talleres','Comercializadora De Frutas Y Verduras D&B Ltda','76382587-6',35324,35324,22,4,9,13,549,119),(482,'1','6051090','2199','2018-05-09 00:00:00','2018-05-09 00:00:00','insumo de talleres','Comercializadora De Frutas Y Verduras D&B Ltda','76382587-6',93515,93515,22,4,9,13,549,119),(483,'1','6051090','2195','2018-05-09 00:00:00','2018-05-09 00:00:00','insumo de talleres','Comercializadora De Frutas Y Verduras D&B Ltda','76382587-6',11829,11829,22,4,9,13,549,119),(484,'0','','000014519','2018-05-10 00:00:00','2018-05-10 00:00:00','pack vasos,cucharas,tenedores,platos','World Pack S.A','99516750-6',9375,9375,25,14,38,13,1022,138),(485,'1','6066796','10145727','2018-05-11 00:00:00','2018-05-29 00:00:00','papel fotocopia carta oficio','Proovedores Integrales Prisa S.A ','96556940-5',2499952,2499952,25,18,48,13,887,132),(486,'1','6066791','204','2018-05-14 00:00:00','2018-05-31 00:00:00','Torta del día del alumno','Erwin Andres Brauning Osses','9221924-0',328000,328000,25,14,38,13,858,134),(487,'1','6066794','445','2018-05-14 00:00:00','2018-05-29 00:00:00','traslados de alumnas buin zoo','Trinidad Del Carmen Escobar Guajardo','12278608-0',360000,360000,25,10,27,13,87,137),(488,'1','6066795','215','2018-05-18 00:00:00','2018-05-31 00:00:00','retiro espiritual verbo divino','Congregación Del Verbo Divino','82991800-5',309400,309400,25,13,37,13,787,138),(489,'1','6066797','294344','2018-05-21 00:00:00','2018-05-29 00:00:00','copia color y b/n según contrato','Dimacofi S.A','92083000-5',260263,260263,25,10,26,13,1028,138),(490,'0','','0000619','2018-05-23 00:00:00','2018-05-23 00:00:00','misa en el mes de abril y mayo','Jose Raod Martinez','11738921-9',60000,60000,25,13,37,17,1050,138),(491,'0','','0000620','2018-05-23 00:00:00','2018-05-23 00:00:00','ceremonia pentecostes mayo','Danilo Almarza Ramirez','15715463-k',20000,20000,25,13,37,17,180,137),(492,'1','6051090','2194','2018-05-08 00:00:00','2018-05-08 00:00:00','insumo de talleres','Comercializadora De Frutas Y Verduras D&B Ltda','76382587-6',101442,101442,22,4,9,13,549,119),(493,'1','6051090','2193','2018-05-08 00:00:00','2018-05-08 00:00:00','insumo de talleres','Comercializadora De Frutas Y Verduras D&B Ltda','76382587-6',68939,68939,22,4,9,13,549,119),(494,'1','6051090','2192','2018-05-08 00:00:00','2018-05-08 00:00:00','insumo de talleres','Comercializadora De Frutas Y Verduras D&B Ltda','76382587-6',99610,99610,22,4,9,13,549,119),(495,'1','6051090','2191','2018-05-08 00:00:00','2018-05-08 00:00:00','insumo de talleres','Comercializadora De Frutas Y Verduras D&B Ltda','76382587-6',56307,56307,22,4,9,13,549,119),(496,'1','6051090','2190','2018-05-08 00:00:00','2018-05-08 00:00:00','insumo de talleres','Comercializadora De Frutas Y Verduras D&B Ltda','76382587-6',30603,30603,22,4,9,13,549,119),(497,'1','6051090','2189','2018-05-08 00:00:00','2018-05-08 00:00:00','insumo de talleres','Comercializadora De Frutas Y Verduras D&B Ltda','76382587-6',96695,96695,22,4,9,13,549,119),(498,'1','6051090','2188','2018-05-08 00:00:00','2018-05-08 00:00:00','insumo de talleres','Comercializadora De Frutas Y Verduras D&B Ltda','76382587-6',52812,52812,22,4,9,13,549,119),(499,'1','6051090','2187','2018-05-08 00:00:00','2018-05-08 00:00:00','insumo de talleres','Comercializadora De Frutas Y Verduras D&B Ltda','76382587-6',50996,50996,22,4,9,13,549,119),(500,'1','6051090','2186','2018-05-08 00:00:00','2018-05-08 00:00:00','insumo de talleres','Comercializadora De Frutas Y Verduras D&B Ltda','76382587-6',75303,75303,22,4,9,13,549,119),(501,'1','6051090','2185','2018-05-08 00:00:00','2018-05-08 00:00:00','insumo de talleres','Comercializadora De Frutas Y Verduras D&B Ltda','76382587-6',69660,69660,22,4,9,13,549,119),(502,'1','6051090','2184','2018-05-08 00:00:00','2018-05-08 00:00:00','insumo de talleres','Comercializadora De Frutas Y Verduras D&B Ltda','76382587-6',101970,101970,22,4,9,13,549,119),(504,'0','','29179','2018-05-10 00:00:00','2018-05-10 00:00:00','vaso termico cuchara tenedor platos desech.','Comercializadora E Importadora Jabes Chile Limitada','76077109-0',20280,20280,25,14,38,13,426,138),(505,'0','','7760','2018-05-08 00:00:00','2018-05-08 00:00:00','resmas','Patricio Augusto Henriquez Cataldo','6690584-5',35700,35700,25,18,48,13,1051,132),(506,'0','','67300850','2018-05-14 00:00:00','2018-05-14 00:00:00','jamon queso ','Administradora De Supermercados Hiper Ltda','76134941-4',29969,29969,25,14,38,13,451,134),(507,'0','','42207151','2018-05-10 00:00:00','2018-05-10 00:00:00','azúcar hierbas galletas te etc','Abarrotes Economicos S.A.','76833720-9',100580,100580,25,20,53,13,652,134),(508,'0','','2671293','2018-05-13 00:00:00','2018-05-13 00:00:00','tarjeta camara fotografica','Falabella Retail S.A','77261280-K',17990,17990,22,17,45,13,679,111),(509,'0','','67367829','2018-05-30 00:00:00','2018-05-30 00:00:00','cajas organizadoras','Administradora De Supermercados Hiper Ltda','76134941-4',46240,46240,25,18,48,13,451,132),(510,'0','','4262870','2018-05-05 00:00:00','2018-05-05 00:00:00','pila alcalina','Electrónica Casa Royal Limitada','83030600-5',9800,9800,25,17,45,10,789,135),(511,'0','','2-00043140','2018-05-10 00:00:00','2018-05-10 00:00:00','servilletas','Fabrica y Distribuidora Callealta Ltda','76145001-8',3000,3000,25,20,53,10,1052,138),(512,'0','','1074','2018-05-23 00:00:00','2018-05-23 00:00:00','anilina hilo de pescar','Textil Harry Limitada','76549845-7',29250,29250,22,10,25,13,605,115),(514,'1','6066780','112','2018-05-02 00:00:00','2018-05-24 00:00:00','reparación de chapa,cambio de vidrio,tablero electrico','Miguel Angel Qezada Castro','7845366-4',199634,199634,48,3,8,13,717,202),(515,'1','6066804','215','2018-05-03 00:00:00','2018-05-31 00:00:00','reparacion de taca-taca, cambio de vastagos baño discapacitada,arreglo de fluxometro','Comercializdora Y Constructora Intercolor Ltda','76455915-0',236810,236810,46,3,8,13,572,200),(516,'1','6051084','83','2018-05-15 00:00:00','2018-05-15 00:00:00','torta alfajor','Luisa Regina Aguirre Fernadez','5076995-K',51000,51000,25,14,38,13,278,134),(517,'1','6051083','82','2018-05-15 00:00:00','2018-05-15 00:00:00','torta alfajor','Luisa Regina Aguirre Fernadez','5076995-K',86001,86001,25,14,38,13,278,134),(518,'1','6051077','9','2018-05-02 00:00:00','2018-05-02 00:00:00','folletos','Maria Antonieta Ulloa Hidalgo','8246443-3',72500,72500,22,10,25,13,781,115),(519,'1','6051078','5062165','2018-05-17 00:00:00','2018-05-17 00:00:00','calculadora científica','Empresa Dmg  S.A','96803690-4',449550,449550,22,10,25,13,917,115),(520,'1','6051082','217','2018-05-13 00:00:00','2018-05-13 00:00:00','provisión e instalación de equipos de audio soundbar','Comercializdora Y Constructora Intercolor Ltda','76455915-0',1999944,1999944,23,10,25,13,572,123),(521,'1','6051085','13056','2018-05-18 00:00:00','2018-05-18 00:00:00','set cajas plasticas set geometrían pizarra','Ideas Educativas Spa','77262930-3',133142,133142,22,10,25,13,680,115),(524,'0','','60','2018-05-21 00:00:00','2018-05-21 00:00:00','alimento dia del alumno','Marcela Luisa Valdes Norambuena','13085994-1',15000,15000,25,14,38,3,118,134),(525,'1','6066807','88','2018-05-30 00:00:00','2018-05-31 00:00:00','taller ballet','Yesenia Alejandra Silva Montel','18066354-1',90000,90000,22,12,35,12,1019,119),(527,'1','6119695','55','2018-05-31 00:00:00','2018-05-31 00:00:00','taller de karate-do','Christopher Alexis Candia Rebolledo','15971854-9',225000,225000,22,12,35,12,1016,119),(528,'1','606689','6','2018-05-31 00:00:00','2018-05-31 00:00:00','taller de cheerlearders','Marianela Alejandra Castillo Silva','18830826-7',225000,225000,22,12,35,12,1017,119),(529,'1','6119696','253','2018-05-31 00:00:00','2018-05-31 00:00:00','taller deballet','Camila Paz Araya Fabio','17249738-1',90000,90000,22,12,35,12,1018,118),(530,'1','6066808','68','2018-05-31 00:00:00','2018-05-31 00:00:00','taller de danza','Alejandra Andrea Dominguez Araya','18053098-3',175000,175000,22,12,35,12,238,119),(531,'0','','31052018','2018-05-31 00:00:00','2018-05-31 00:00:00','BECAS DE MOVILIZACION','Lorena Lazcano','13239985-9',1000000,1000000,56,11,31,15,121,234),(532,'1','6051091','46','2018-05-22 00:00:00','2018-05-30 00:00:00','APOYO ESPIRITUAL','Eduardo Millan Esteban','14498671-7',99000,99000,56,13,37,3,160,234),(533,'0','','36293154','2018-05-07 00:00:00','2018-05-07 00:00:00','estacionamiento y carga de bip','Estacionar S.A','96870910-0',43060,43060,5,11,31,10,922,31),(534,'2',NULL,NULL,'2018-05-01 00:00:00','2018-05-01 00:00:00',NULL,'-','-',0,0,55,24,57,19,1000,234),(535,'2',NULL,NULL,'2018-06-01 00:00:00','2018-06-01 00:00:00',NULL,'-','-',0,0,55,24,57,19,1000,234);
/*!40000 ALTER TABLE `main_app_fondodetalle` ENABLE KEYS */;
UNLOCK TABLES;

--
-- Table structure for table `main_app_gastodetalle`
--

DROP TABLE IF EXISTS `main_app_gastodetalle`;
/*!40101 SET @saved_cs_client     = @@character_set_client */;
/*!40101 SET character_set_client = utf8 */;
CREATE TABLE `main_app_gastodetalle` (
  `id` int(11) NOT NULL AUTO_INCREMENT,
  `detalle` varchar(100) DEFAULT NULL,
  `deposito_no` varchar(100) DEFAULT NULL,
  `fecha` datetime NOT NULL,
  `monto` int(11) DEFAULT NULL,
  PRIMARY KEY (`id`)
) ENGINE=InnoDB AUTO_INCREMENT=156 DEFAULT CHARSET=utf8;
/*!40101 SET character_set_client = @saved_cs_client */;

--
-- Dumping data for table `main_app_gastodetalle`
--

LOCK TABLES `main_app_gastodetalle` WRITE;
/*!40000 ALTER TABLE `main_app_gastodetalle` DISABLE KEYS */;
INSERT INTO `main_app_gastodetalle` VALUES (2,'devolucion','558','2017-04-07 00:00:00',124004),(14,'whispers','333','2017-01-01 00:00:00',1000),(86,'1.','10012','2017-01-01 00:00:00',50000),(93,'123','123-5841','2017-01-01 00:00:00',100000),(95,'devolución total','504-707-5641','2017-01-01 00:00:00',250000),(96,'1','1','2017-01-01 00:00:00',1000),(97,'devolución total','0-0000','2017-05-27 00:00:00',1000),(98,'2.','10013','2017-01-01 00:00:00',50000),(99,'1','1','2017-01-01 00:00:00',100000),(100,'1','1','2017-01-01 00:00:00',150000),(101,NULL,NULL,'2017-01-01 00:00:00',0),(102,NULL,NULL,'2017-01-01 00:00:00',0),(104,'dev','555-7251-5','2017-01-01 00:00:00',20000),(105,'','','2017-01-01 00:00:00',0),(108,'se devuelve dinero sobrante','2543593','2018-04-25 00:00:00',593),(111,'devolución por no mas compras ','cheque 6066772','2018-05-04 00:00:00',113708),(114,'devolución por no gasto','2259287-7','2018-05-03 00:00:00',44000),(115,'DEVOLUCION DINERO  SIN GASTAR','2259303-2','2018-05-07 00:00:00',11579),(116,'Devolución dinero  sin gastar','2255739-1','2018-05-07 00:00:00',9514),(118,'DEVOLUCIÓN DINERO SIN GASTAR','2259051-7','2018-04-26 00:00:00',55089),(119,'DEVOLUCION DINERO SIN GASTAR  FONDO FIJO ABRIL','2259385-9','2018-04-26 00:00:00',707),(120,'no hay mas compras ','25435785','2018-05-08 00:00:00',11073),(121,'DEVOLUCIÓN POR NO MAS COMPRAS','6066775','2018-05-07 00:00:00',239330),(122,'devolución POR NO COMPRAS','2543583','2018-05-07 00:00:00',818405),(130,'devolución dinero sin gastar','2259384-2','2017-04-26 00:00:00',92000),(131,'devolución por gasto inferior al presupuestado en movilización ','6074970','2018-05-10 00:00:00',26000),(132,'devolución 10% retención sacerdote','23332448','2017-04-27 00:00:00',11000),(133,'devolución por descuentos en los precios de la factura','4430837','2017-05-10 00:00:00',116074),(134,'pasajes','2','2017-05-10 00:00:00',24913),(136,'devolución','7417694','2017-05-29 00:00:00',238),(137,'devolucion dinero sin gastar','2259250-5','2018-05-01 00:00:00',1),(138,'devolucion  monto  gas','2259233-1','2017-01-30 00:00:00',116547),(139,'devolución dinero sin gastar','2259234-9','2017-01-30 00:00:00',365),(140,'devolucion dinero  sin gastar','2259234-9','2017-01-01 00:00:00',2),(141,'Saldo generalizado','4430816','2017-01-01 00:00:00',6037),(142,'devolucion por no mas compras','8293794-7','2017-01-01 00:00:00',44795),(144,'DEVOLUCIÓN POR NO MÁS COMPRAS','8293783-0','2018-06-06 00:00:00',66681),(146,'DEVOLUCIÓN POR NO COMPRAS','8293784-8','2018-01-06 00:00:00',1997061),(147,'DEVOLUCIÓN EN EFECTIVO POR NO COMPRAS','8293785-5','2018-06-06 00:00:00',255000),(148,'DEVOLUCIÓN POR NO COMPRAS','8293786-3','2018-06-06 00:00:00',70803),(149,'DEVOLUCIÓN EN EFECTIVO POR NO COMPRAS','8293787-1','2018-06-06 00:00:00',44486),(150,'devolución ','8293788-9','2018-06-06 00:00:00',10000),(151,'devolución','2333245','2018-05-07 00:00:00',86740),(152,'no encontrarse los materiales de musica','4430823','2018-06-06 00:00:00',166802),(153,'devolución','8331860','2017-06-09 00:00:00',2744),(155,'DEVOLUCION DEL 10%','7417695','2017-01-29 00:00:00',11000);
/*!40000 ALTER TABLE `main_app_gastodetalle` ENABLE KEYS */;
UNLOCK TABLES;

--
-- Table structure for table `main_app_proveedor`
--

DROP TABLE IF EXISTS `main_app_proveedor`;
/*!40101 SET @saved_cs_client     = @@character_set_client */;
/*!40101 SET character_set_client = utf8 */;
CREATE TABLE `main_app_proveedor` (
  `id` int(11) NOT NULL AUTO_INCREMENT,
  `nombre` varchar(100) DEFAULT NULL,
  `rut` varchar(100) DEFAULT NULL,
  PRIMARY KEY (`id`)
) ENGINE=InnoDB AUTO_INCREMENT=1056 DEFAULT CHARSET=utf8;
/*!40101 SET character_set_client = @saved_cs_client */;

--
-- Dumping data for table `main_app_proveedor`
--

LOCK TABLES `main_app_proveedor` WRITE;
/*!40000 ALTER TABLE `main_app_proveedor` DISABLE KEYS */;
INSERT INTO `main_app_proveedor` VALUES (1,'Copec','70.100.200-8'),(2,'Lider','76.272.306-4'),(12,'Elba De Las Mercedes Arias Pino','6172079-0'),(13,'Marco Antonio Osorio Opazo','10017863-k'),(14,'Jacqueline Del Rosario Ortuzar Maulen','10021021-5'),(15,'Juan Vital Guerero Escobar','10029509-1'),(16,'Hiroo Menghraj Datwani','10098451-2'),(17,'Marta Aedo Vasquez','10147785-1'),(18,'Juan Francisco Parra Rojas','10185781-6'),(19,'Adan Benito Perez Riquelme','10193691-0'),(20,'Alvaro Rodrigo Padilla Lemus','10199650-6'),(21,'Ingrid Guajardo Gonzalez','10243411-0'),(22,'Elvira Aguirre Villablanca','10299073-0'),(23,'Manuel Benito Palma Astudillo','10316333-1'),(24,'Dario Alejandro Gaete Lizama','10342352-k'),(25,'Jose Roberto Rojas Lagos','10371056-1'),(26,'Claudio Silva Pavez','10396024-K'),(27,'Jorge Antonio Sazo Cea','10456332-5'),(28,'Jeannette Gonzalez Gonzalez','10464501-1'),(29,'Sandra Gilia Alcantara Leonicio','10474155-k'),(30,'Pablo Christian Pereira Mujica','10484580-0'),(31,'Patricia Alejandra Rojas Concha','10497306-k'),(32,'Rolando Olivares Collao','10525931-k'),(33,'Nidia Rosa Landeros Mariman','10544567-9'),(34,'Hernan Hale Aguilera Ravanal','10545837-1'),(35,'Richard Javier San Martin Vera','10552930-9'),(36,'Marcelo Antonio Llanos Neira','10555095-2'),(37,'Marcelo Astete Conejeros','10567069-9'),(38,'Yeremy Wilson Gallardo Infante','10569017-7'),(39,'Carolina Sofia Acuna Jimenez','10584633-9'),(40,'Marisol Soraya Hernandez Solis','10596355-6'),(41,'Freddy Marcel Quintana Peralta','10635655-6'),(42,'Maria Santiago Onostroza','10655063-8'),(43,'Rodrigo Villegas Cortez','10665634-7'),(44,'Verónica Del Pilar Correa Ramírez','10723985-5'),(45,'Cristian De La Fuente Bahamondes','10729946-7'),(46,'Luis  Lagos Bernal','10770884-7'),(47,'Carmen Cecilia Araneda Martinez','10792496-5'),(48,'Maria Del Carmen Jara Meza','10805776-9'),(49,'Ingrid Paola Muñoz Farfan','10888658-7'),(50,'Angela Jose Pugin Aguayo','10895098-6'),(51,'Juan Fidel Flores Lagos','10902848-7'),(52,'Isabel Margarita Vergara Correa','10991738-9'),(53,'Sandra Cecilia Morales Castillo','11075138-9'),(54,'Luis Ester Vera Diaz','11119600-1'),(55,'Hector Arriagada','11145850-2'),(56,'Veronica Elena Ortega Cerda','11164193-5'),(57,'Jasna Tapia Plaza','11220305-2'),(58,'Marcela Claudia Vergara Ortiz','11229311-6'),(59,'María Gabriela Andino Maldonado','11279560-k'),(60,'Bernardo Gamboa Navarro','11282022-1'),(61,'Luis Fabar Caro','11335988-9'),(62,'Jaime Andres Rojas Bustamante','11366642-0'),(63,'Maria Dolores Fuentes Maldonado','11366704-4'),(64,'Luis Eduardo Castro Alarcon','11398172-5'),(65,'Pedro Baeza Cortes','11484539-6'),(66,'Carmen Sofia Galvez Fuentes','11529477-6'),(67,'Eduardo Mauricio Muñoz Muñoz','11535589-9'),(68,'Julia Rojas Pinilla','11550217-4'),(69,'Luz Lillian Del Carmen Sepulveda Gonzalez','11556697-0'),(70,'Raul Antonio Zagal Sepulveda','11562526-8'),(71,'Leyla Jazmin Chaud Altermatt','11635828-K'),(72,'Jose Tomas Guzman Troncoso','11648639-3'),(73,'Alejandro Antonio Nuñez Espinoza','11658006-3'),(74,'Marcia Del Carmen Silva Celis','11673642-k'),(75,'Guillermo Iván Valenzuela Céspedes','11742261-5'),(76,'Claudia Correa Tejo','11754804-k'),(77,'Ana María Celis Zamorano','11759566-8'),(78,'Paola Sepulveda Barra','11834663-7'),(79,'Pamela Villarroel Mardones','11839016-4'),(80,'Ivonne Paola Navarro Bordones','11842635-5'),(81,'Marcos Antonio Zúñiga Olguín','12022676-2'),(82,'Ximena Gutierrez Campusano','12032858-1'),(83,'Elena Zavala Toledo','12036443-k'),(84,'Luis Alejandro Cid Urrutia','12189494-7'),(85,'Juan Roberto Perez Villegas','12240681-4'),(86,'Edith Marlen Cifuentes Levio','12257286-2'),(87,'Trinidad Del Carmen Escobar Guajardo','12278608-0'),(88,'Jacqueline Allende Quezada','12287534-2'),(89,'Pedro Antonio Zuñiga Fuentes','12326905-5'),(90,'Humberto Antonio Reyes Aliaga','12367837-0'),(91,'Ricardo Igor Acevedo Gutiérrez','12418476-2'),(92,'Carolina Duarte Moya','12458941-K'),(93,'Francisco Javier Maturana Perz','12486747-9'),(94,'Rolando Javier Borbalan Tapia','12495443-6'),(95,'Carlos Lopez Molines','12501517-4'),(96,'Jose Luis Molina Concha','12503669-4'),(97,'Dario Meneses Castillo','12516048-4'),(98,'Gloria Andrea Fuentes Castillo','12605227-8'),(99,'Viviana Peñaloza Prieto','12671620-6'),(100,'Elizabeth Andrea Nunez Valdes','12672805-0'),(101,'Macos Manuel Gonzalez Baeza','12675144-3'),(102,'Alexis González Errázuriz','12678457-0'),(103,'Ruth Curaqueo Soto','12678629-8'),(104,'Alejandro Antonio Dunstan Cofre','12688471-0'),(105,'Elizabeth Cecilia Sandoval Aguilar','12694984-7'),(106,'María Paz Vidal Lopez','12726344-2'),(107,'Claudia Daza Espinoza','12777010-7'),(108,'Pilar  Alejandra Aldana Retamal','12795303-1'),(109,'Erika Paola Quintral Rojas','12868804-8'),(110,'Paulina Alejandra Peña Carrasco','12871371-9'),(111,'Mauricio Guillot Baez','12893118-k'),(112,'Ingrid Delgado','12909843-0'),(113,'La Casa Del Músico','12913475-5'),(114,'Miriam Soza','13039110-9'),(115,'Silvanna Judith Danobeitia Larenas','13063263-7'),(116,'Miguel Ayala Iragorri','13068129-8'),(117,'Rosa Laura Cuevas Parancan','13079136-0'),(118,'Marcela Luisa Valdes Norambuena','13085994-1'),(119,'Reiner Enrique Freire Huechuqueo','13154523-1'),(120,'Ruperto Antonio Retamal Rios','13207197-7'),(121,'Lorena Lazcano','13239985-9'),(122,'Paola Urbina Parada','13243866-8'),(123,'Mabel Alejandra Llano Diaz','13261314-1'),(124,'Los Gemelos','13303526-5'),(125,'Maria Teresa Gonzalez Torres','13303526-5'),(126,'Ingrid Liliana Lopez Morales','13303688-1'),(127,'Karen Solar Godoy','13336865-5'),(128,'La Bodeguita Del Tata','13345825-5'),(129,'Nataly Arevalo Tapia','13445941-7'),(130,'Mariana Andrea Zuniga Torreblanca','13451715-8'),(131,'Luis Alejandro Rubilar Merino','13469580-3'),(132,'Jeannette Del Carmen Muñoz Olate','13471892-7'),(133,'Mariana Karfach Licunao','13486825-2'),(134,'Mary Viviana Fuentes Cancino','13488480-0'),(135,'Eduardo Miranda','13489115-7'),(136,'Andrea Carolina Maluenda Miranda','13551012-2'),(137,'Paula Antonieta Valdivia Martinez','13553097-2'),(138,'Ana Carolina Alvarado Osorio','13610791-7'),(139,'Andrea Paulina Huerta Sepulveda','13677138-8'),(140,'Andres Eduardo Valdes Miranda','13681627-6'),(141,'Barbara Quiroga Gallardo','13716700-K'),(142,'Marisol Andrea Gonzalez Infante','13755910-2'),(143,'Angel Sebastian Ramirez Fuentes','13779165-k'),(144,'Luis Gutierrez Jara','13835452-0'),(145,'Gilda Gonzalez Vergara','13886045-0'),(146,'Kevin Senen Olivares Gonzalez','13895774-8'),(147,'Karen Álvarez Igor','13909592-8'),(148,'Veronica Peña Galvez','13910893-0'),(149,'Yesenia Jara Martinez','14088132-1'),(150,'Patricia Andrea Leon Riquelme','14144474-3'),(151,'Nicolas Cruz Valdivieso','14166477-8'),(152,'Guillermo Saavedra Muñoz','14181320-k'),(153,'Juan Bautista Bustamante Hurtado','14183524-6'),(154,'Yasna Katherine Del Pino Ocares','14188059-4'),(155,'Alejandra Paola Carmona Navarro','14258603-7'),(156,'Floreria María Magdalena','14302291-9'),(157,'Sergio Hernan Yañez Jimenez','14335926-3'),(158,'Alejandro Muñoz Ibacache','14394534-0'),(159,'Won Che Kal','14425869-K'),(160,'Eduardo Millan Esteban','14498671-7'),(161,'José Luis Osorio Díaz','14512050-0'),(162,'Magaly Irene Sanhueza Melillan','14572268-3'),(163,'Antonio Rui Duarte Fernandes','14645854-8'),(164,'María Esperanza Verdesoto Flores','14674028-6'),(165,'Ikho Noh','14711172-k'),(166,'Loreto Andrea Berrios Catelican','15017333-7'),(167,'Angelica Quintanilla Rojas','15108762-0'),(168,'Jéssica Alejandra Galaz Contreras','15109258-6'),(169,'Marco Antonio Silva Donoso','15109378-7'),(170,'Ingrid Natalia Mejias Jara','15110436-3'),(171,'Javier Antonio Candia Candia','15168240-5'),(172,'Cecilia Elizabeth Valenzuela Quinchavil','15354681-9'),(173,'Priscila Pamela Calabrano Toro','15374059-3'),(174,'Mónica Salazar Castro','15431006-1'),(175,'Juan Miranda Araya','15444386-k'),(176,'Macarena Eveling Avila Figueroa','15445116-1'),(177,'Giannina Podesta Gonzalez','15661715-6'),(178,'Leslie Paulina Aracena Perez','15669008-2'),(179,'Peter O´Briam Carrasco Palma','15700426-3'),(180,'Danilo Almarza Ramirez','15715463-k'),(181,'Carolina Rozas Cataldo','15786297-9'),(182,'David Arriagada Castillo','15786780-6'),(183,'Sebastián Andrés Miranda Quintanilla','15806056-6'),(184,'Luis Andres Pena Seron','15841938-6'),(185,'Viviana Carolina Acevedo Pulgar','15902752-1'),(186,'Francisca Quintanilla Collio','15902986-7'),(187,'Grisett Santander Chávez','15908486-8'),(188,'Daniela Josefina Castillo Carbonell','15915557-9'),(189,'Paulina Schneidewind Hernaiz','15992084-4'),(190,'Sebastian  Vera Salinas','15999652-2'),(191,'Alejandra Valeska Pavez Lizama','13942579-0'),(192,'Nathaly Victoria Cesped Luna','16016650-9'),(193,'Eduardo Alejandro Núñez Godoy','16179402-3'),(194,'Mario Esteban Pinto Cañete','16196431-k'),(195,'Lorena Salinas Parra','16268499-k'),(196,'Isaac Rodriguez Valdes','16385355-8'),(197,'Kevin Victor Carlier Riquelme','16410613-6'),(198,'Gisella Macarena Gallano Hidalgo','16423828-8'),(199,'Nicole Plaza Uribe','16440994-5'),(200,'Andrea Alvarez Mellado','16515216-6'),(201,'Juan Patricio Cabezas Pizarro','16522017-k'),(202,'Carolina Andrea Osses Contreras','16569606-9'),(203,'Juan Ernesto Osorio Reyes','16578791-9'),(204,'Nicol Andrea Romero Hernandez','16682245-9'),(205,'Jacqueline Andrea Herrera Gonzalez','16697725-8'),(206,'Jessica Yeti San Martin Cuevas','16714023-8'),(207,'Camila Fernanda Paredes Valencia','16745311-2'),(208,'Marco Andres Aguila Novoa','16800088-k'),(209,'Cristopher Salvo Urrutia','16800996-8'),(210,'Joana Rafaela Iturrieta Madrid','16802770-2'),(211,'Ximena Bustamante Bustamante','16828738-0'),(212,'Wan Jun Kim Lee','16839799-2'),(213,'Diego Leonardo Barrera Bustamante','16973473-9'),(214,'Jaime Rene Campos Yañez','17001284-4'),(215,'Vanesa Jordania Ilimuri Fuentes','17100359-8'),(216,'Polette Daniela Quezada Azocar','17142834-3'),(217,'John Carlos Henriquez Herrera','17277810-0'),(218,'Monica Constanza Cerna Vergara','17344928-3'),(219,'Lisette Garate Olivos','17381618-9'),(220,'Alvaro David Reyes Rodriguez','17395249-k'),(221,'Gabriel Jose Cruz Fernandez','17403023-5'),(222,'Camila Sibisa Rivadeneira','17406788-0'),(223,'Paulina Aranguiz','17418069-5'),(224,'Nicolas Horacio Cabezas Valenzuela','17484791-6'),(225,'Jose Luis Abaroa Moreno','17488289-4'),(226,'Damaris Lizette Rios Ayala','17503387-4'),(227,'Tamara Olea Caceres','17505144-9'),(228,'Genesis Farias Verdejo','17544795-4'),(229,'Anita Karina Moya Hernandez','17681887-5'),(230,'Antonia Andrea Muñoz Merino','17703457-6'),(231,'Sebastian Bravo Aguayo','17834168-5'),(232,'Felipe Andres Rojas Carrasco','17920372-3'),(233,'Katerine Daniela Hormazabal Melgarejo','17925797-1'),(234,'Jose Contreras Lagos','17926902-3'),(235,'Miguel Alejandro Reyes Olivares','17950269-0'),(236,'Priscila Alejandra Montero Vargas','18049158-9'),(237,'Alejandra Adriana Diaz Riveros','18051654-9'),(238,'Alejandra Andrea Dominguez Araya','18053098-3'),(239,'Barbara Elizabeth Rojas Zavala','18063829-6'),(240,'Danitza Olivos Briones','18074288-3'),(241,'Jairo Fuentes Sanchez','18079428-K'),(242,'Yoselyn Elena Alarcon Carcamo','18133541-6'),(243,'Renata Francisca Ulloa Calderon','18171951-6'),(244,'Yocelyn Maory Prado Peralta','18189401-6'),(245,'Carolina Paz Tapia Prieto','18190566-2'),(246,'Carolina Hernandez Aravena','18278447-8'),(247,'Nicolas Andres Contreras Vidal','18732179-4'),(248,'Barbara Tamara Herrera Bascuñan','18952927-9'),(249,'Emilio Andres Soto Zuñiga','19567405-1'),(250,'Mirian Milagros Pena Moreno','21921097-3'),(251,'Luis Alberto Garcia Hernandez','22642550-0'),(252,'Las Mercedes','23609039-6'),(253,'Alessio Cottafava','24126402-5'),(254,'Farmacia Estralla','3084297-9'),(255,'Telas Atriles','3109492-5'),(256,'Luis Orellana Caceres','3118349-9'),(257,'Janon Bathich Morales','3277819-4'),(258,'Juan Antonio Perez Bouzo','3283053-6'),(259,'Leonida Piccardo Fravega','3289140-3'),(260,'Antonio Jose Díaz González','3450704-k'),(261,'Ximena Ignacia Irrarazabal Correa','3559131-1'),(262,'Luis Albero Poza Maldonado ','3919700-6'),(263,'Nora Salas Castaleda','3941941-6'),(264,'Edgardo Enriquez Castillo Nuñez','4033885-3'),(265,'Luis Orellana Marchant','4096667-6'),(266,'Bernardo Riquelme Gomez','4287702-6'),(267,'Jose Luis Capdevila Honorato','4432741-4'),(268,'Georgina Del Carmen Gutiérrez Quiroz','4433765-7'),(269,'Carlos Tobar Silva','4435620-1'),(270,'Eduardo Jaime Carvajal Olate','4533379-5'),(271,'Gonzalo Alejandro Martin Iglesias','4661501-8'),(272,'Sergio Leopoldo Bravo Oliva','4690992-5'),(273,'Taller De Llaves Ivon','4816440-4'),(274,'Jorge Rehbein Ohaco','4817876-6'),(275,'Marco Leopoldo Laforest Rojas','4849927-9'),(276,'Donatilde Iturriaga Sanchez','4850635-6'),(277,'María Assadi Lama','4889117-9'),(278,'Luisa Regina Aguirre Fernadez','5076995-K'),(279,'Cutting Tools Chile E.I.R.L','52001373-3'),(280,'Renato A Soto Avendano Work Consultores E.I.R.L','52003093-k'),(281,'Fab Y Vta De Construc Eliana Del Carmen Maturana Carrasco E.I.R.L','52003601-6'),(282,'Comercial Eduardo Celery Fernandez E.I.R.L.','52005476-6'),(283,'Roberto Antonio Bennett Urzua','5209404-6'),(284,'Alejandro Fredy Vasquez Weigel','5225903-7'),(285,'Dario Enrique Sandoval Morales','5241404-0'),(286,'Luis Antonio Herrera Abarca (Ruta H)','5252475-k'),(287,'Francisco Mesko Garcia','5278045-4'),(288,'Comunidad De Productores Y Comerciantes Mayoristas De Flores ','53125680-8'),(289,'Waldo Alvarez Alvarez Y Otra','53309089-3'),(290,'Jose Miguel Guajardo Ulloa','5476348-4'),(291,'Victor Hugo Contreras Fuentes','5523932-0'),(292,'Rosa Pastora Medina Molina','5524258-5'),(293,'Maria Cecilia Milevcic Potin','5548060-5'),(294,'Rubén Narcizo Maldonado Vera','5557244-5'),(295,'Cesar Augusto Diaz Fernandez Nino','5583602-7'),(296,'Gabriel Enrique Gonzalez Medina','5591642-k'),(297,'Jose Arturo Hernandez Zumaeta','5614474-9'),(298,'Eugenio Esteban Alfonso Camus Mesa','5718545-7'),(299,'Eduardo Miguel Vera Urtubia','5767606-k'),(300,'Victor Barahona Calderon','5780333-9'),(301,'Pernos Tunca','5794345-9'),(302,'Lidia Del Carmen Guerrero Hernández','5805280-9'),(303,'Claudio Briones Espinosa','5842687-3'),(304,'Farmacias De Similares S.A','59111330-5'),(305,'Jardin Goly','5935468-k'),(306,'Carlos Alberto Lara Cerpa','6007592-1'),(307,'Empresas De Correos De Chile','60503000-9'),(308,'Pedro Luis Mora Lopez','6086074-2'),(309,'Marina Isabel Camus Vera','6086750-k'),(310,'Manuel Mardones','6089817-0'),(311,'Ministerio De Educacion','60902051-2'),(312,'Seremi Salud','60907062-5'),(313,'Universiad De Valparaiso','60921000-1'),(314,'Metro De Santiago','61219000-3'),(315,'Corporación Nacional Forestal','61313000-4'),(316,'Elsa Aguayo Riquelme','6133436-k'),(317,'Jose  Santelices','6134254-0'),(318,'Patricio Alejandro Olea Arias','6135581-2'),(319,'Laura Del Carmen Romo Rojas','6177507-2'),(320,'Aguas Andinas S.A','61808000-5'),(321,'Luis Orlando Railhet Araya','6264797-3'),(322,'Roberto Julio Naser Ghrez ','6345265-3'),(323,'Nancy Laprida Cortes','6358737-0'),(324,'Sonia Teresa Leyton Garrido','6448196-7'),(325,'Enrique Rodriguez Rios','6448496-6'),(326,'Juan Palavecino Fuenzalida','6452381-3'),(327,'Juan Alberto Díaz Espinosa','6462805-4'),(328,'Francisco Antonio Fuentes Jiménez','6463522-0'),(329,'Nelson Ramon Cuevas Moya','6468390-k'),(330,'Corporacion De La Educacion Aptus Chile','65020623-1'),(331,'Departamento Provincial De Educacion Cordillera','65039940-4'),(332,'Fundacion Educacional Protectora De La Infancia','65044065-k'),(333,'Asociacion De Municipalidades Parque Cordillera','65060484-9'),(334,'Centro De Padres Iln','65117753-7'),(335,'Walter Acevedo Duarte','6513613-9'),(336,'Carlos Roman Quintanilla','6520463-0'),(337,'Carlos Arze Bustamante','6557673-2'),(338,'Manuel Maturana Merino','6558329-1'),(339,'Fundacion Gestión De Servicios Cooperativos','65645290-0'),(340,'Fundacion Fidecap','65671030-6'),(341,'Juan Zuñiga Otazo','6594505-3'),(342,'Jose Roberto Gutierrez Escare','6659551-k'),(343,'Margarita Solis Moreno','6690514-4'),(344,'Virna Vergara Vallejos','6699573-9'),(345,'Ilusita Manriquez Muñoz','6735280-7'),(346,'Margarita De Las Mercedes Garrido Galaz','6756326-3'),(347,'Rosa Emérita Novoa Jara','6807419-3'),(348,'Marina Del Rosario Garrido Ramirez','6890039-5'),(349,'Fresia Del Transito Rodriguez Rios','6922709-0'),(350,'Maria Antonieta Parraguez Henriquez','6953849-5'),(351,'Carolina Morales Mena','6964535-6'),(352,'Lucia Aravena Arce','6994869-3'),(353,'Congregacion Pias Discipulas Del Divino','70024390-7'),(354,'Jose Alejandro Reyes Soto','7003267-8'),(355,'Nelly Molina Lillo','7012898-5'),(356,'Fundación Arturo Lopez Perez','70377400-8'),(357,'Congregacion Clerigos De San Viator','70568300-k'),(358,'Maria Elena Salazar Rivera','7086910-1'),(359,'Universidad Diego Portales','70990700-k'),(360,'Corporacion Cultural De Las Condes ','71004200-4'),(361,'Eduardo Hernandez Rojas','7105213-3'),(362,'Corporación Privada Para La Divulgaciónde La Ciencia Y Tecnología','71091900-3'),(363,'Graciela Del Carmen Otarola Pizarro','7118510-9'),(364,'Maria Esther Becker Adrian','7120998-9'),(365,'Fundacion Para El Funcionamiento Desarrollo Y Promoción Del Planetario ','71250500-1'),(366,'Fundacion Pablo Neruda','71306000-3'),(367,'Fundacion Vicente Huidobro','71738200-5'),(368,'Juan Jose Herrera Diaz','7188548-8'),(369,'Apr Comité Agua Potable Rural Rosario Codao','71908500-8'),(370,'Corporación Espacio Para El Arte Artequin','72043000-2'),(371,'Fundacion Gabriel Y Mary Mustakis','72251700-8'),(372,'Fundacion Cardoen','72386700-2'),(373,'Raul Farias Tapia','7246179-7'),(374,'San Eugenio','7246494-k'),(375,'Top Roller Spa','73297385-5'),(376,'Hernan Gonzalo Matute Izurieta','7345106-k'),(377,'Servicios Integrales Reinaldo Andres Lopez Vergara Empresa Individual','73710532-0'),(378,'Rosa Mercedes Parraguez Perez','7372762-6'),(379,'Pedro Valdebenito Rodriguez','7407935-0'),(380,'Ricardo Rafael Lobos Inostroza','7447863-8'),(381,'Julia Alarcon Venegas','7479271-5'),(382,'Eulogia Neira Chavez','7515777-0'),(383,'Omar David Lagunas Halty','7518971-0'),(384,'Patricia Angélica Sasso Román','7540566-9'),(385,'Victor Hugo Donoso Bustos','7583276-1'),(386,'Cervantes Librería','76001337-4'),(387,'Importadora Suli Lai Ltda','76002856-8'),(388,'Sociedad De Capacitacion Firenze Ltda','76004118-1'),(389,'Yasmin General Placencia Producciones E.I.R.L.','76004178-5'),(390,'Super 10 S.A','76012833-3'),(391,'Solange Alvarez Aranda','76015239-0'),(392,'Distribuidora C Y F Spa','76020299-1'),(393,'Alimentos Puerto Nuevo Limitada','76022387-5'),(394,'Empresa Social De Comercialización De Productos Ltda','76026828-3'),(395,'Productora De Teatro Phi Ltda','76034674-8'),(396,'Importadora Y Exportadora Al Donna Ltda','76035035-4'),(397,'Comercial Ubilla Daza Ltda','76035100-8'),(398,'Alimentos Lonquen Ltda','76036339-1'),(399,'Arevalo Y Navarro Soc. Ltda','76037308-7'),(400,'Electromusica Ltda','76037511-K'),(401,'Comercial Arte Diseño D Y C Ltda','76038879-3'),(402,'Alfaomega Computación E.I.R.L','76040061-0'),(403,'Importadora Y Exportadora Hai Feng Limitada','76040665-1'),(404,'Cabello Y Cabello Ltda','76047287-5'),(405,'Juan Videla Solorza Impotadora E.I.R.L.','76048071-1'),(406,'Bronceria Nacional Ltda','76049198-5'),(407,'Promocenter Publicidad Ltda','76049456-9'),(408,'Servicios Integrales De Seguridad Ltda','76050559-5'),(409,'Medicion Y Gestion Educacional Kimetrica Ltda','76050781-4'),(410,'Pide Aguayo Y Gauna Ltda','76051705-4'),(411,'Hermanas Salvatierras Ltda','76051889-1'),(412,'Sociedad Tecnologica Tecpa Chile Ltda','76052252-k'),(413,'Comercial Y Servicios Palau Ltda','76058799-0'),(414,'Limpieza Verde Spa','76059183-1'),(415,'Sociedad Comercial Electroferr S.A','76060852-1'),(416,'Sociedad De Ingenieria En Limpieza Ltda','76061485-8'),(417,'Importadora Ferreyin Compañía Ltda','76063681-9'),(418,'Jis Parking Spa','76063822-6'),(419,'Astoreca Asesorías Educacionales Spa','76065475-2'),(420,'Sociedad Comercial Ecoimagem Limitada','76068924-6'),(421,'Importadora Artefinos Ltda','76070170-k'),(422,'Sociedad Comercial Dataglobal Ltda','76073252-4'),(423,'Deporte Sparta Ltda.','76074938-9'),(424,'Importadora Y Comercializadora Dopack ','76075455-2'),(425,'Importadora Hong Kong Toy Ltda','76075861-2'),(426,'Comercializadora E Importadora Jabes Chile Limitada','76077109-0'),(427,'Arquitectura Textil Ingenieria Y Montajes Ltda','76080637-4'),(428,'Ok Market San Pascual','76084682-1'),(429,'Concesiones Recoleta S.A','76088854-0'),(430,'Distribuidora Comercial Veintidos Ltda','76091737-0'),(431,'Sociedad Comercial Paz Y Compañía Limitada','76091949-7'),(432,'Napsis S.A','76093358-9'),(433,'Banqueteria Y Reposteria Florence Ltda','76098849-9'),(434,'Comerial E Inversiones Borquez Hulse Ltda','76099850-8'),(435,'Comercializadora Lagos Y Valenzuela Ltda','76107839-9'),(436,'Carlos Sobarzo Jimenez E.I.R.L','76110447-0'),(437,'Comercial Exportadora E Importadora A & C Ltda','76112635-0'),(438,'Importadora Y Exportadora Tian Fa Ltda','76114922-9'),(439,'Fondo De Inversión Privado Social','76116054-0'),(440,'Comercializadora Kayma Limitada','76117384-7'),(441,'Comercial La Liquidadora Ltda','76120080-1'),(442,'Sergio H. Iglesias Jara E.I.R.L','76121617-1'),(443,'Pedro Eduardo Garay Alemany Editorial E.I.R.L','76122502-2'),(444,'Comercializadora Borislav Ljubetic Ercig Ltda','76125786-2'),(445,'Importadora Sol Naciente Ltda','76131716-4'),(446,'Administradora Lot Park Ltda','76131738-5'),(447,'Centro De Capacitacion Teen Star Chile Ltda','76132116-1'),(448,'Comercial Santos Ltda','76132595-7'),(449,'María Yolanda Valenzuela Cabezas','7613355-7'),(450,'Importadora Y Exportadora Good Fortune Ltda','76134396-3'),(451,'Administradora De Supermercados Hiper Ltda','76134941-4'),(452,'Administradora De Supermercados Express Ltda','76134946-5'),(453,'Ingetecsa Spa.','76135126-5'),(454,'Importadora Fiesta Club Ltda','76135178-8'),(455,'Comercializadora Calvac Ltda','76137646-2'),(456,'Sociedad Educacional Capullitos Ltda','76137836-8'),(457,'Sociedad Valdebenito E Hijos Ltda','76141750-9'),(458,'Soc. Comercial Saveline Ltda','76142331-2'),(459,'Buffer Spa','76142567-6'),(460,'Soc. Comercial G & T Ltda','76144259-7'),(461,'Concesiones Providencia S.A','76148758-2'),(462,'Fabrica De Tortas Alico Ltda','76153340-1'),(463,'Comercializadora Importadora Y Exportadora','76154435-7'),(464,'Sociedad Comercial Cromocar Ltda','76160982-3'),(465,'Comercial Guipoba Gissela Cerda Moyano E.I.R.L','76163372-4'),(466,'Textil La Emiliana Ltda','76164260-K'),(467,'Distribuidora Y Comercializadora Juan Carlos Abarca Machuca Dekogar E.I.R.L','76168881-2'),(468,'Importadora Y Distribuidora De Plasticos S.A','76170499-0'),(469,'Ingenieria E Instalaciones Electricas Pailamilla Spa','76170749-3'),(470,'Sociedad A Y B Ltda','76174644-8'),(471,'Servicios Y Control De Plagas Beatriz Ivonne Bernier Valdes E.I.R.L','76178159-8'),(472,'Comercializadora Todo Fiesta Limitada','76181071-5'),(473,'Comercializadora Vargas Del Valle E Hijas Ltda (Nilahue)','76183900-4'),(474,'Comercializadora Telas Genesis Ltda','76186882-9'),(475,'R Y P Repuestos Ltda','76187881-6'),(476,'Sociedad Comercial Medicar Ltda','76189111-1'),(477,'Estructuras Gabriela Masia','76190182-6'),(478,'Sociedad Aridos Orellana Hermanos Ltda','76193391-4'),(479,'Importadora Y  Comercializadora Ortopedia Suiza  Spa','76194079-1'),(480,'Comercializadora Y Transportes San Lucas Ltda','76194487-8'),(481,'Irlanda De Lourdes Palacios Vargas Eds E.I.R.L','76197034-8'),(482,'Distribuidora Rio Serrano Ltda','76199121-3'),(483,'Luigui Lotito S Y Cia Ltda','76199346-1'),(484,'Comercializadora Moises Naranjo E.I.R.L','76202306-7'),(485,'Comercializadora Integración Digital Spa','76202443-8'),(486,'Muebles Andromeda Spa','76202596-5'),(487,'Importacion y Exportacion Doremi Ltda','76202697-K'),(488,'Jorge Renato Inope Puertas','76205764-6'),(489,'Comercial Smith Y Sanhueza','76206325-5'),(490,'Alfa Confecciones Ltda','76207417-6'),(491,'Deportes Ram S.A','76208579-8'),(492,'Distribuidora De Cotillon S.P.A','76209669-2'),(493,'Construccion Norton Ltda','76210854-2'),(494,'Arirang Comercializadora Integral Ltda','76213669-4'),(495,'Entretenimiento Y Producciones Activas Ltda','76214640-1'),(496,'Sociedad Comercial La Papa Ltda','76216379-9'),(497,'Comercializadora Los Olmos Ltda','76219742-1'),(498,'Bix S.A','76220324-3'),(499,'Importadora Y Comercializadora R Y S Ltda','76227509-0'),(500,'Pérez Y Pérez Limitada','76228338-7'),(501,'Comercial Hiper Asia Limitada','76229833-3'),(502,'Comercializadora Este Deportes Ltda','76231132-1'),(503,'Comercializadora De Pernos Y Herramientas Ltda','76232520-9'),(504,'Walmart Chile Mayorista Ltda','76232647-7'),(505,'Gomas San Vicente','76234327-4'),(506,'Luis Cifuentes Torres Y Otro Limitada','76235521-3'),(507,'Softland Training Center Ltda','76236150-7'),(508,'Central Catering Andres Cordova E.I.R.L','76238683-6'),(509,'Comercial Sergio Borlando Marconi E.I.R.L','76238945-2'),(510,'Importadora Y Distribuidora San Martín Limitada','76245193-K'),(511,'Impresiones Digitales Orioncolor Ltda','76245892-6'),(512,'Figueroa Y Orfali Ltda','76247050-0'),(513,'Asesorias Y Servicios Kyklos Spa','76247523-5'),(514,'Rackeo','76247932-K'),(515,'Dar Computación Spa','76251775-2'),(516,'Comercial Ely','76259626-1'),(517,'Distribuidora De Frutos Del Pais Claudio Marcelo Gaete Cartagena E.I.R.L.','76260436-1'),(518,'Multiservicios Chile Mas Spa','76261921-0'),(519,'Distribuidora San Javier S.A','76265681-7'),(520,'Rubilar  Y Valdivia Ltda','76267134-4'),(521,'Inversiones Cruz Del Sur S.A','76267237-5'),(522,'Ingeniería Mci Ltda','76269680-0'),(523,'Comercializadora Equus Y Cia Ltda','76271919-3'),(524,'Lefian Y Ampuero Ltda','76286679-k'),(525,'Distribuidora Meci','76288393-7'),(526,'Comercial Alemana Ltda','76292091-3'),(527,'Comercial Los Conquistadores Ltda','76297106-2'),(528,'Comercial Top Roller Ltda','76297385-5'),(529,'Comercializadora Y Distribuidora Lynnn Paz Limitada','76300857-6'),(530,'Distribuidora Y Comercializadora Manuel Gonzalez Torres','76302667-1'),(531,'Comercializadora De Productos Electronicos A&R Ltda','76306552-9'),(532,'Servicios Informaticos Y Telecomunicaciones Limitada','76314066-0'),(533,'Electroventas Ltda','76317590-1'),(534,'Wog Spa','76318208-8'),(535,'Matriz Ideas S.A','76322590-9'),(536,'Comercial Su Hogar Ltda','76328609-6'),(537,'Comercial Veronica Andrea Campos Castillo E.I.R.L','76336481-K'),(538,'Officolor.Cl Ltda','76336784-3'),(539,'Nilo & Arroyo Chilelift Ltda','76345095-3'),(540,'Servicio Medicos E Inversiones Aldana Leon, Pugin Y Cia Ltda','76346829-1'),(541,'Paraguez Hermanas Limitada','76361293-7'),(542,'Inversiones Schwerter Spa','76361953-2'),(543,'Producciones Y Eventos Claudia Andrea Ramirez Ramirez E.I.R.L','76362903-1'),(544,'Ferreteria Covadonga','76368507-1'),(545,'Comercializadora Dehua Qiu E.I.R.L','76374149-4'),(546,'Comercializadora Y Distribuidora La Paloma Ltda','76376800-7'),(547,'Farmacias Ahumada S.A','76378831-8'),(548,'Concha, Inostroza, Martinez & Lues Spa','76379254-4'),(549,'Comercializadora De Frutas Y Verduras D&B Ltda','76382587-6'),(550,'Asesoria Y Consultoria Educacional Ltda','76383711-4'),(551,'Blanc Spa','76383742-4'),(552,'All Strings Spa','76388578-K'),(553,'Centro Integral Fonoaudiológico Salud Y Educación Fonodesarrolla Y Com.','76390997-2'),(554,'Grupo Leer Mas Hoy Spa','76395554-0'),(555,'Sergio Hernan Arroyo Delgado E.I.R.L','76396952-5'),(556,'O.C. Ltda','76402026-K'),(557,'E&S Construcciones Spa','76403532-1'),(558,'Pedro Ibañez E Hijos','76405630-2'),(559,'Supermercados Cugat','76407505-6'),(560,'Cine Hoyts Spa','76416414-8'),(561,'Comercializadora Y Distribuidora C&M Ltda','76417054-7'),(562,'Serv. Telefonia Ivan Ego-Aguirre','76418812-8'),(563,'Capacitacion Usach Compañía Ltda','76421320-3'),(564,'Transportes Laprida Ltda','76429874-8'),(565,'Maria Lucila Fuentes Romo','7643068-3'),(566,'La Herencia Spa','76436048-6'),(567,'Pamela Otarola Rojas Servicios Promocionales E.I.R.L','76437683-8'),(568,'Enseña Lenguaje Spa','76441672-4'),(569,'Importadora Y Exportadora Yi Li Chile S.P.A','76442087-K'),(570,'Deportes Lorens  S.A','76446500-8'),(571,'Importadora Tomei Chile Spa','76450161-6'),(572,'Comercializdora Y Constructora Intercolor Ltda','76455915-0'),(573,'C. Ding Xing Ltda','76456928-8'),(574,'Sistemas Contra Incendio Tatti Spa','76460201-3'),(575,'Comercial Fernapet Ltda','76465809-4'),(576,'Tienda Leticia Mafalda','76465994-5'),(577,'Ondata Recovery','76469858-4'),(578,'Ekono Ltda','76473580-3'),(579,'Re Imagina Educación Ltda','76474550-7'),(580,'Comercializadora De Art.Deportivos Claudio Alejandro Soto Romero','76474802-6'),(581,'Bravo Y Jara Ltda','76475340-2'),(582,'Renacer Spa','76479238-6'),(583,'Aluminios Alvarez Ltda','76481136-4'),(584,'ASF Logistica Spa','76481576-9'),(585,'Soldaduras Soltec Spa','76488020-k'),(586,'New Markup S.A','76491379-5'),(587,'Importadora Internacional Technics Grapics Ltda','76493820-8'),(588,'Importadora Y Exportadora Xingda Trade Spa','76494268-K'),(589,'Arce Y Vergara  Cia','76497570-7'),(590,'Comercial E Industrial Valenzuela Ltda','76502880-9'),(591,'Publicidad Leonardo Gustavo Toribio Herrera E.I.R.L','76503181-8'),(592,'Importadora Y Exportadora Chen Chile Limitada','76503452-3'),(593,'Teatro Ed. Macarena Mendez Barraza Empresa Individual De Respons.','76504518-5'),(594,'Productora De Eventos G&G Ltda','76505807-4'),(595,'Promusic Audio Ltda','76512650-9'),(596,'Deltamed Ltda','76512686-K'),(597,'Obinu Y Cia Ltda','76516761-2'),(598,'Direkt Tecnologia Y Servicios Spa','76517178-4'),(599,'Lacasa Del Músico Spa','76520261-2'),(600,'Comercial Queretaro Spa','76536157-5'),(601,'La Frontera Spa','76536514-7'),(602,'Maquinarias Y Servicios Reyes Diaz Limitada','76536527-9'),(603,'Consultora Erika Loreto Quiroz Quinteros E.I.R.L','76538223-8'),(604,'Diyi Baihuo Ltda','76548617-3'),(605,'Textil Harry Limitada','76549845-7'),(606,'Productos Marys Ltda','76551990-k'),(607,'Importadora, Exportadora Y Comercializadora Dragon Del Cielo Ltda','76558476-0'),(608,'Ing. Jose Luis Campos Flores E.I.R.L','76560214-9'),(609,'Soc. Pedro Aguayo Y Ramirez Cia Ltda','76562719-2'),(610,'Bioquimica.Cl S.A','76563320-6'),(611,'Tecnologia Lk Spa','76567200-7'),(612,'Easy Reatil S.A','76568660-1'),(613,'Comercial Mafasil Limitada','76569022-6'),(614,'Dimacofi Negocias Avanzados S.A','76570350-6'),(615,'Inversiones, Construcción Y Estacionamientos Oro Verde','76572327-2'),(616,'Dist. Imp. Y C. Cindy Evelyn Aguilar Bol','76573935-7'),(617,'Comercial Way Trading','76575763-0'),(618,'Comercilizadora Lary Spa','76576204-9'),(619,'Jaime Andres Tolic Medel Servicios T Y T E.I.R.L','76577679-1'),(620,'Comercial The Master Ltda','76580210-5'),(621,'Importadora Y Exportadora Regalos Ángel Limitada','76589895-1'),(622,'Aula Editores S.A','76591500-7'),(623,'Comercial Textil Elie Mokarkar E.I.R.L','76592211-0'),(624,'Launch Latinoamerica Ltda','76592223-2'),(625,'Maria Guerrero Miranda','76597088-1'),(626,'Comercial  Zima Ltda','76598469-6'),(627,'Servicios De Interpretaciones Y Traducciones Ivan Enrique Jimenez Vald','76601160-8'),(628,'Juegos Infantiles Carlos Aviles E.I.R.L','76601645-6'),(629,'Sociedad Textil Jc Spa','76603985-5'),(630,'Neurokids Spa','76607182-1'),(631,'Parking Service Gino&Andrea Morales Emp. Ind.De Resp.Ltda','76607924-5'),(632,'Sociedad Comercial Rosas Spa','76608868-6'),(633,'Jose Zuñiga Ortiz','7662494-1'),(634,'Luis Zuñiga Ortiz','7662502-6'),(635,'Neurocare Spa','76633465-2'),(636,'Camo Odontologia Spa','76640627-0'),(637,'Ventas Y Servicios Publicitarios Casram Spa ','76648503-0'),(638,'Comercial Jaime Antonio Jimenez','76651991-1'),(639,'Renewal Company Ltda','76653055-9'),(640,'Sociedad Comercial Y De Inversiones','76667564-6'),(641,'Steffens Y Comp. Ltda','76688938-7'),(642,'Ventas Art. Electronicos','76689839-4'),(643,'Grafika Nahuel S.A','76709910-K'),(644,'Carpas Atenas Ltda','76712660-3'),(645,'Comercializadora Ecopapel Spa','76717977-4'),(646,'Intergroupe S.A','76719470-6'),(647,'Comercial E Importadora Turquesa Ltda','76727277-4'),(648,'Comercial Inarcon Spa','76733699-3'),(649,'Importadora Wind Ltda','76777310-2'),(650,'Samsonite Chile S.A','76811980-5'),(651,'Imperial S.A','76821330-5'),(652,'Abarrotes Economicos S.A.','76833720-9'),(653,'My Plastic Ltda','76838940-3'),(654,'Comercial Aliaga Hmnos Ltda','76863530-7'),(655,'Kramer Y Asociados Ltda','76871700-1'),(656,'Pavez Y Reyes Ltda','76872740-6'),(657,'Comercial Uyustools Chile Ltda','76891050-2'),(658,'Asesorias Pedagogicas Chile S.A','76898780-7'),(659,'Maria Cristina Gitierrez Chavez Inversiones E.I.R.L','76943240-K'),(660,'Comercial Logroño Ltda','77024990-2'),(661,'Supermercado Mayorista La Fama San Vicente Limitada','77027930-5'),(662,'Sociedad Granja Agricola Educacional Limitada','77051760-5'),(663,'Jose Antonio Pavez Andrade','7707678-6'),(664,'Sociedad Comercial De Servicios Y Capacitación Elcom Limitada','77082290-4'),(665,'Liberalia Ediciones Limitada','77104100-0'),(666,'Servicios Y Comercial Rauco Ltda','77115570-7'),(667,'Turismo Costanera Ltda','77133730-9'),(668,'Steck Y Compañía Ltda','77140120-1'),(669,'Inmobiliaria E Inversiones Antunes Ltda','77148080-2'),(670,'Administradora De Ventas Al Detalle Ltda','77215640-5'),(671,'Distribuidora Alamos Y Bonometti Ltda','77222900-3'),(672,'Eduardo Abdon Ortiz Vera','7722335-5'),(673,'Servicios Integrales De Salud Limitada','77232540-1'),(674,'Orpinas Ycompañia Limitada','77247220-K'),(675,'Egasold Ltda','77248190-k'),(676,'Central Parking S.A','77248210-8'),(677,'Estacionamientos Central Parking System Chile Sa','77248210-8'),(678,'Mundo Didactico Ltda','77248320-1'),(679,'Falabella Retail S.A','77261280-K'),(680,'Ideas Educativas Spa','77262930-3'),(681,'Tecnored S.A.','77302440-5'),(682,'Librería Antartica Plaza Ltda','77339800-3'),(683,'Dominguez  Y Santis Ltda','77365550-2'),(684,'Transportes Muñoz Broco Ltda (Andimar)','77392590-9'),(685,'Broncerias Camille Ltda','77404630-5'),(686,'Importadora Y Exportadora Panamericana Limitada','77410900-5'),(687,'Sociedad Librería Rojas Limitada','77414690-3'),(688,'Imagen Optical Ltda','77422980-9'),(689,'Soc. Comerc. Keim Ltda','77444770-9'),(690,'Lorena Raquel Legrand Fonseca','7747800-0'),(691,'Autotek Ltda','77501510-1'),(692,'Jardin San Enrique ','77550200-2'),(693,'Computación Constanza Sofia Ltda','77556200-5'),(694,'Hotelera Holanda Ltda','77562000-5'),(695,'Comercial Santa Barbara','77568150-0'),(696,'Transportes Santa Lidia Limitada','77575890-2'),(697,'Soc. Retamal Y Villarroel Ltda','77592220-6'),(698,'Administrador De Sevicios De Retail Ltda','77614700-1'),(699,'Comercializadora Steck Y Del Rio Ltda','77667230-0'),(700,'Comercial San Francisco Ltda','77668710-3'),(701,'Sociedad Comercial E Industrial San Diego Ltda','77750600-5'),(702,'Instituto De Capacitacion Y Desarrollo Capacita Ltda','77786910-8'),(703,'Imax Ingenieria Ltda','77819970-K'),(704,'Soc.Comerc Y Distribuidora Cousin Ltda','77829720-5'),(705,'Patricio Pumpin Y Cia Ltda','77862960-7'),(706,'Importadora Vishv India Ltda','77874870-3'),(707,'Sociedad Farmacéutica Y Comercial Pavez Ltda','77876860-7'),(708,'Viviana Noemi Sanhueza Alarcon Comercializadora E.I.R.L','77914990-0'),(709,'Sociedad De Recaudacion Y Pagos De Servicios Ltda','78053790-6'),(710,'Ferreteria San Fermin','78139800-4'),(711,'Luarte Y Cia Ltda','78193920-K'),(712,'Revista Psicopedagogica Repsi Limitada','78220250-2'),(713,'Comercializadora El Mirador S.A','78289730-6'),(714,'Sociedad Comercial J Y L Ltda','78312580-3'),(715,'Imprenta Editorial Grafic Suisse Ltda','78342690-0'),(716,'Cristian Guillermo Faure Leiva','7845154-8'),(717,'Miguel Angel Qezada Castro','7845366-4'),(718,'Jorge Odeh Y Cia Ltda','78466770-7'),(719,'Copec','78513190-8'),(720,'Inversiones E Inmobiliaria Karime Y Francesco  Ltda','78545670-k'),(721,'Hipermercado Tottus S.A','78627210-6'),(722,'Adidas Chile Ltda','78744360-5'),(723,'Inversiones San Sergio Ltda','78786920-3'),(724,'Industrial Y Comercial Los Alamos Ltda','78801100-8'),(725,'Ingenieria En Sanitizacion S.A','78829890-0'),(726,'Computer Buro Service Ltda','78848750-9'),(727,'Personal Computer Factory S.A','78885550-8'),(728,'Artículos Deportivos Scratch Ltda','78893760-1'),(729,'Rs Componentes Electrónicos Ltda','7891251-4'),(730,'Productora Mceventos Ltda','78922250-9'),(731,'Nelson Diaz Espinoza','7892329-6'),(732,'Cardenas Y Pedemonte S.A','78925440-0'),(733,'Amasanderia Y Rotiseria Florencia Ltda','78963700-8'),(734,'Comercial Los Arcos Ltda','78967990-8'),(735,'Comercial Maicao Ltda','79500520-K'),(736,'Materiales Y Componentes Industriales Metacom Ltda','79521910-2'),(737,'Galileo Libros Ltda','79542460-1'),(738,'Madrigal Noriega Limitada','79544390-8'),(739,'Fca . Electricas Chilenas Ltda','79560270-4'),(740,'Sociedad De Alimentos Paypas Ltda','79653190-8'),(741,'Copec','79689550-0'),(742,'Petrobras Chile Red Ltda','79706120-4'),(743,'Sociedad Comercial Eoung Ok An Ban Limitada','79716540-9'),(744,'Soc. Muaiad Hermanos Ltda','79752380-1'),(745,'Polimin Comercial E Industrial','79760310-4'),(746,'Lanas Dina Ltda','79781860-7'),(747,'Compañía Distribuidora De Electronica Y Telecomunicaciones','79789710-8'),(748,'Fotografica Forestier S.A','79813360-8'),(749,'Comercial Excom Ltda','79836390-5'),(750,'Jose Patricio Bustos Espinoza','7985616-9'),(751,'Comercial Rey Ltda','79880870-2'),(752,'Universal Repuestos Tagua Tagua Limitada','79898120-K'),(753,'Centro De Capacitacion Cahuala Ltda','79939710-2'),(754,'Soc. Comercial Bustamante Y Cia Ltda','79971660-7'),(755,'Buses Peñablanca','79985610-7'),(756,'Carmen Paola Leon Martinez','8008085-9'),(757,'Manuel Catron E Hijos Limitada','80183000-5'),(758,'Farmacias Roubillard S.A','80338400-2'),(759,'Electricidad Gobantes S.A','80409800-3'),(760,'Ilop S.A','80478200-1'),(761,'Maria Rojas Arevalo','8051466-2'),(762,'Naser Hermanos Limitada','80670900-K'),(763,'Jorge Osorio Stuardo','8068177-1'),(764,'Mirta Zuzulich Vasquez','8068253-0'),(765,'Otero  Y Cia  Ltda','80706300-6'),(766,'Guillermina De Las Mercedes Peña Carruche','8088522-9'),(767,'Bombones Varsovienne S.A','81013400-3'),(768,'Victor Dawabe Ltda','81153800-0'),(769,'Cencosud Retail S.A','81201000-k'),(770,'Eduardo Lazo Contreras','8136619-5'),(771,'Alvaro Casanova Maquinarias Ltda','81440500-1'),(772,'Rendic Hermanos S.A','81537600-5'),(773,'Francisco Regulez Y Cia Ltda','81569800-2'),(774,'Garcia, Rio Y Cia','81571600-0'),(775,'Pontificia Universidad Catolica De Valparaiso','81669200-8'),(776,'Pontificia Universidad Catolica De Chile','81698900-0'),(777,'Enrique Alejandro Rojas Bustamante','8197342-3'),(778,'Mario Ignacio Yunis Giacaman','8204384-5'),(779,'Luis Armando Cifuentes Olivares','8221587-5'),(780,'Cooperativa Campesina Intercomunal Peumo Limitada','82400500-1'),(781,'Maria Antonieta Ulloa Hidalgo','8246443-3'),(782,'Juan Manuel Azcorbebeitia Ltda','82574000-7'),(783,'Corina Del Carmen Herrera Diaz','8277597-8'),(784,'Juana Eva Espinoza Aravena','8288222-7'),(785,'Industria Nacional De Tejidos De Alambre Ltda','82920900-4'),(786,'Distribuidora De Industrias Nacionales S.A','82982300-4'),(787,'Congregación Del Verbo Divino','82991800-5'),(788,'Nibsa S.A','83017600-4'),(789,'Electrónica Casa Royal Limitada','83030600-5'),(790,'Calzados Beba Ltda','83033300-2'),(791,'Feria Chilena  Del Libro Ltda','83068700-9'),(792,'Nelly De Las Mercedes Sarmiento Santander','8312579-9'),(793,'Mario Orfali Jimenez','8316042-K'),(794,'Manuela Del Carmen Moya San Martín','8327016-0'),(795,'Clelia Gonzalez Zapata','8332520-8'),(796,'Comercial Eccsa S.A','83382700-6'),(797,'Reinaldo Nuñez A. Spa','83414900-1'),(798,'Industria Metalurgica Aconcagua Ltda','83732700-8'),(799,'Victoria Luisa Bustamente Rojas','8393131-0'),(800,'Broncerias Bascuñan','8403854-7'),(801,'Alimentos Fruna Ltda','84156500-2'),(802,'Luis Eduardo Núñez Vidal','8432718-2'),(803,'Abastecedora Del Comercio Ltda','84348700-9'),(804,'Marisol Ahumada Romero','8489576-8'),(805,'Rosa Del Carmen León Goyak','8497253-3'),(806,'Salon De Te Y Restorant Villareal Ltda','85215800-k'),(807,'Fuenzalida  Y Cia Ltda','85243300-0'),(808,'Eduardo Alberto Quinchagual Deum','8579425-6'),(809,'Gomatex Ltda','85827900-3'),(810,'Maria De Lourdes Silva Molina','8586097-6'),(811,'Sociedad Importadora De Libros Kuatro Ltda','85913900-0'),(812,'Jorge Concha Cayuqueo','8605652-6'),(813,'Giovanna Eliana Pontiggia Garcia','8611080-6'),(814,'Iris De Los Angeles Gutierrez Roca','8624635-K'),(815,'Jose Rivero Llamazales Y Cia Ltda','86520500-7'),(816,'Alvaro Jose Marquez Eguiguren','8656565-k'),(817,'Paulina Beca Cofre','8667861-6'),(818,'Victor Gonzalez  Y Cia. Ltda','86962700-3'),(819,'Berta Del Carmen Nazar Rodriguez','8726444-0'),(820,'Maria Gutierrez Roca','8739841-2'),(821,'Rosa Lucia Avendaño Bernal','8768099-1'),(822,'Mariella Arias Tahuata','8774624-0'),(823,'Soc. Agencia Viajes  Andina Del Sud Ltda','87747300-7'),(824,'Yolanda Gonzalez Uribe','8802260-2'),(825,'Alejandra Del Carmen Carvacho Donoso','8802290-4'),(826,'Luisa De Las Mercedes Alarcón Martínez','8845294-1'),(827,'Administracion Y Gestion De Estaciones De Servicios Ltda','88473200-K'),(828,'Librería Antartica Ltda','88679500-9'),(829,'Myriam Elizabeth Mariela Amigo Arancibia','8884553-6'),(830,'Gina Soledad Solis Nuñez','8905496-6'),(831,'Erika Beatriz Riquelme Hernandez','8936153-2'),(832,'Dist. Com. Textil Ltda','89541600-2'),(833,'Elizabeth Gallardo Gallardo','8959502-9'),(834,'Estacion De Servicio Cordillera Ltda','89605500-3'),(835,'Ingenieria En Electronica, Computacion Y Medicina S.A','89630400-3'),(836,'Paola Arancibia Labra','8965567-6'),(837,'Pehuen Editores S.A','89664800-4'),(838,'Farmacias Cruz  Verde  S.A','89807200-2'),(839,'Ana Maria Espinoza Aravena','8997362-7'),(840,'Carmen Cecilia Contreras Coronado','9004652-9'),(841,'Empresa El Mercurio Sa Periodistica','90193000-7'),(842,'Telefonica Chile S.A','90635000-9'),(843,'David Enrique Godoy Sanchez','9066367-4'),(844,'Juan Esteban Avila Herrera','9066748-3'),(845,'Empresa Editora Zig Zag S.A','90684000-6'),(846,'Copec San Fco De Mostazal','90690000-9'),(847,'Mauricio Alonso Jarife Yoma','9082936-K'),(848,'Lucila Minguzzi Gonzalez','9098581-7'),(849,'Maritza De Las Mercedes Puga Matus','9117686-6'),(850,'Marisol Infante Alcaino','9121179-3'),(851,'Gladys Aroca Soto','9141225-K'),(852,'Lucila Aurora Guzmán Chavez','9160135-4'),(853,'Preunic S.A','91635000-7'),(854,'Nora Del Carmen Cisterna Maturana','9167369-K'),(855,'Alex Lizama Cornejo','9172358-1'),(856,'Ricardo Gonzalo Chelme Bustos','9199609-K'),(857,'Heriberto Cristian Ramirez Castro','9214702-9'),(858,'Erwin Andres Brauning Osses','9221924-0'),(859,'Joaquin Osvaldo Perez Fares','9252790-5'),(860,'Librería Nacional Artel S.A.I.C','92642000-3'),(861,'Jaime Donoso Morales','9275702-1'),(862,'Elena Ferrada Estay','9297178-3'),(863,'Santillana Del Pacifico S.A','93183000-7'),(864,'Productos Alimenticios Santa  Ana S.A','93274000-1'),(865,'Supermercados Montserrat S.A.C.','93307000-K'),(866,'Juan Enrique Cabezas Silva','9344739-5'),(867,'Claudio Silva Flores','9354069-7'),(868,'Raul Taucan Valdivia','9356211-9'),(869,'Ascensores Schindler (Chile) S.A','93565000-3'),(870,'Rosa Maria Bascoli Almendra','9357873-2'),(871,'Andres Vega Alvarado','9403507-4'),(872,'Angel Hernan Cisternas Muñoz','9433259-1'),(873,'Miriam Díaz Verdugo','9436265-2'),(874,'Lilian De Las Mercedes Maulen Ibaceta','9442978-1'),(875,'Jose Miguel Sepulveda Carreño','9455779-8'),(876,'Inversiones Enex S.A','94625000-7'),(877,'Marisol Gonzalez Flores','9494725-1'),(878,'Juan Carlos Pacheco Vivanco','9495234-4'),(879,'Segundo Manuel Ortega Araya','9507718-8'),(880,'Marco Antonio López Muñoz','9516032-8'),(881,'Patricia Gonzalez Menares','9570623-1'),(882,'Empresas Tacoha','95896000-k'),(883,'Margarita Isabel Orellana Cañas','9619867-1'),(884,'Ernesto Marin Valdes','9622686-1'),(885,'Mapfre Compañía De Seguros Generales De Chile','96508210-7'),(886,'Clinica Universidad Catolica S.A','96534960-K'),(887,'Proovedores Integrales Prisa S.A ','96556940-5'),(888,'Comercial Books And Bits','96579290-2'),(889,'Comercial E Importadora Audiomusica Spa','96579920-6'),(890,'Distribuidora Multihogar S.A','96589040-8'),(891,'Alvi S.A','96618540-6'),(892,'My Home S.A','96620000-6'),(893,'Fondo De Cultura Economica Chile S.A','96643240-3'),(894,'Steward S.A','96644100-3'),(895,'Bice Vida Compañía De Seguros S.A','96656410-5'),(896,'Cinemark Chile S.A','96659800-K'),(897,'Tac Communications S.A','96669340-1'),(898,'Bata Chile S.A','96670340-7'),(899,'Dimerc  S.A','96670840-9'),(900,'Ruben Alfredo Gorigoitia Krap','9667194-6'),(901,'Swap Distribución S.A','96674790-0'),(902,'Nike Chile Ltda','96675670-5'),(903,'Cusatto S.A','96689820-8'),(904,'Dictuc S.A','96691330-4'),(905,'Computacion E Ingenieria S.A','96693120-5'),(906,'Ferretería Garachena S.A','96702950-5'),(907,'Manantial S.A','96711590-8'),(908,'ADT Security Services S.A','96719620-7'),(909,'Gtd Telesat S.A','96721280-6'),(910,'Metrogas S.A','96722460-k'),(911,'Editorial Don Bosco S.A','96751940-5'),(912,'Retreta Sociedad Anonima','96772230-8'),(913,'Wei Chile S.A','96775870-1'),(914,'IFX Networks Chile S.A','96779080-k'),(915,'Sodimac  S.A','96792430-K'),(916,'Sherwin Williams Chile S.A','96803460-K'),(917,'Empresa Dmg  S.A','96803690-4'),(918,'Inversiones Y C. Grecka Ltda','96805530-5'),(919,'Entel Pcs Telecomunicaciones S.A','96806980-2'),(920,'Asistencia Y Gestión Internacional S.A','96810060-2'),(921,'Estacionamiento Plaza De Armas','96828560-2'),(922,'Estacionar S.A','96870910-0'),(923,'Ruta Del Maipo Sociedad Concesionaria S.A','96875230-8'),(924,'Melman S.A','96882140-7'),(925,'Cartim S.A','96905980-0'),(926,'Entre Musicos S.A','96908300-0'),(927,'Transportes Italia S.A','96989420-3'),(928,'Asercom Chile  S.A','96993250-4'),(929,'Comercial 33 S.A','96996320-5'),(930,'Kitchen Center Spa','96999930-7'),(931,'Jose Vicente Valdebenito Valenzuela','9705181-K'),(932,'Maria Cecilia Palmira Henriquez Araya','9732210-4'),(933,'Gustavo Adolfo Saldias Martinez','9783415-6'),(934,'Jaime Guillermo Fuentes Paredes','9791559-8'),(935,'Mauricio Alonso Prado Diaz','9794086-K'),(936,'Sergio Patricio Leiva Maldonado','9798470-0'),(937,'Victor Del Carmen Garcia Matus','9812402-0'),(938,'Guillermo Enrique Sierra Herrera','9862134-2'),(939,'Hector Bernardo San Martin Rios','9882846-K'),(940,'Maria Espinoza Carreño','9889580-9'),(941,'Compañía De Seguro Vida Camara','99003000-6'),(942,'Maria Soledad Quiñones Martinez','9906114-6'),(943,'Claudio Ivan Palma Espinola','9906149-9'),(944,'Praxedes Del Carmen Sandoval Toncoso','9911818-0'),(945,'Cecilia Del Carmen Díaz Astorga','9927459-K'),(946,'CGE Distribución S.A','99513400-4'),(947,'Compañía De Petroleos De Chile Copec S.A','99520000-7'),(948,'Saba Estacionamiento De Chile S.A','99554390-7'),(949,'Parque Zoologico Buin Zoo S.A','99555680-4'),(950,'Maigas Comercial S.A','99574340-K'),(951,'Maria Ines Gutierrez Soto','9962556-2'),(952,'Jaime Marcelo Alvarez Cayulef','9975151-7'),(953,'Jose Hernandez Peredo','9990970-6'),(1000,' ',' '),(1001,'Juan Perez Villegas','12240681-4'),(1002,'Asomed UC','71023600-3'),(1003,'Claudia Riveros Martinez','10333303-2'),(1004,'Eduardo Toledo Faundez','13082280-0'),(1005,'Urban Metal Spa','76107092-4'),(1007,'Grupo ADM Tecnología Limitada','76079965-3'),(1008,'Eva Flores Oyarce','6627144-7'),(1009,'Carolina Cecilia Duarte Moya','12458941-k'),(1010,'Ruth Barona Tapia ','5869643-9'),(1011,'Comercial Monica Donoso Flores E.I.R.L','76280983-4'),(1012,'Jorge Alejandro Calderon Silva','16423178-k'),(1013,'Miguel Hoban','7476413-4'),(1014,'Muli S.A','79514370-k'),(1015,'Yasser Villazan Boris','14718323-2'),(1016,'Christopher Alexis Candia Rebolledo','15971854-9'),(1017,'Marianela Alejandra Castillo Silva','18830826-7'),(1018,'Camila Paz Araya Fabio','17249738-1'),(1019,'Yesenia Alejandra Silva Montel','18066354-1'),(1020,'Pia Sociedad San Pablo','70017400-k'),(1021,'Importadora Simon Ignacio Ferrada Aguilera E.I.R.L','76534816-1'),(1022,'World Pack S.A','99516750-6'),(1023,'Megasalud S.A','96942400-2'),(1024,'Sebastian Alejandro Allende Flores','20027137-8'),(1025,'Valentin Antonio Peralta Cordero','9176295-1'),(1026,'Compañía General de Electricidad S.A','76411321-7'),(1027,'Victor Manuel Corona Alarcon','5845580-6'),(1028,'Dimacofi S.A','92083000-5'),(1029,'Seigard Chile S.A','96978670-2'),(1030,'Casa Ecologica Claudia Lobos Abarca','76327009-2'),(1031,'Turismo Aventura Parque en el Aire Ltda','76235977-4'),(1032,'Gladys Monica Barrera Ortega','9428825-8'),(1033,'Soon Nam Kim','14415077-5'),(1034,'Carlos Eduardo Robles Villablanca','16476404-4'),(1035,'Sociedad Comercial P y G Ltda','77014390-k'),(1036,'Xiaguo Chile','76503345-4'),(1037,'Tienda y Tejidos Mary','7606008-8'),(1038,'Omar Enrique Perez Zuñiga','13346005-5'),(1039,'Aridos e Inversiones San Vicente Ltda','77894100-7'),(1040,'Fugas Empresa de Asesoria Ltda','76287264-1'),(1041,'Soluciones Globales Empresa de Servicios Ltda','77905730-5'),(1042,'Eduardo Jesus Hernandez Rojas','7105213-3'),(1043,'Linda Sabat y Cia Ltda','76017029-1'),(1044,'Carmen Cecilia Contreras Coronado','9604652-9'),(1046,'Carlos Antonio Cabrera Quezada ','8507037-1'),(1047,'Institucion de Beneficencia Venta Medicamento','70335000-3'),(1048,'Comercial Choco-Choco Ltda','77629610-4'),(1049,'Comercial Anduke Ltda','76380773-8'),(1050,'Jose Raod Martinez','11738921-9'),(1051,'Patricio Augusto Henriquez Cataldo','6690584-5'),(1052,'Fabrica y Distribuidora Callealta Ltda','76145001-8'),(1053,'Hirmas Ltda','83434600-1'),(1054,'Textiles Lanabel Ltda','83124500-k'),(1055,'Fernando Rogelio Ibarra Fuentes','5478756-1');
/*!40000 ALTER TABLE `main_app_proveedor` ENABLE KEYS */;
UNLOCK TABLES;

--
-- Table structure for table `main_app_rendicion`
--

DROP TABLE IF EXISTS `main_app_rendicion`;
/*!40101 SET @saved_cs_client     = @@character_set_client */;
/*!40101 SET character_set_client = utf8 */;
CREATE TABLE `main_app_rendicion` (
  `id` int(11) NOT NULL AUTO_INCREMENT,
  `user_id` int(11) NOT NULL,
  `fecha_subida` datetime NOT NULL,
  `mes_gasto` varchar(100) DEFAULT NULL,
  `monto` int(11) DEFAULT NULL,
  `centro_costo_id` int(11) NOT NULL,
  `subvencion_id` int(11) NOT NULL,
  `locked` int(11) DEFAULT NULL,
  `tipo_fondo_id` int(11) NOT NULL,
  PRIMARY KEY (`id`),
  KEY `main_app_rendicion_user_id_id_6755b825_uniq` (`user_id`),
  CONSTRAINT `main_app_rendicion_user_id_53179917_fk_auth_user_id` FOREIGN KEY (`user_id`) REFERENCES `auth_user` (`id`)
) ENGINE=InnoDB AUTO_INCREMENT=80 DEFAULT CHARSET=utf8;
/*!40101 SET character_set_client = @saved_cs_client */;

--
-- Dumping data for table `main_app_rendicion`
--

LOCK TABLES `main_app_rendicion` WRITE;
/*!40000 ALTER TABLE `main_app_rendicion` DISABLE KEYS */;
INSERT INTO `main_app_rendicion` VALUES (1,1,'2017-02-01 00:00:00','enero',300000,1,1,1,1),(2,2,'2001-12-11 00:00:00','enero',1000,1,5,1,1),(3,2,'2017-03-24 00:00:00','abril',125000,4,2,1,2),(4,2,'2017-03-24 00:00:00','abril',125000,4,2,1,2),(5,2,'2017-03-27 00:00:00','abril',1000,2,2,0,3),(6,2,'2017-03-25 00:00:00','diciembre',300000,1,2,0,3),(7,2,'2017-01-11 00:00:00','noviembre',1000,7,4,0,2),(8,2,'2017-04-11 00:00:00','enero',5000,1,1,1,1),(9,1,'2017-05-07 00:00:00','enero',1000,1,1,0,1),(10,2,'2018-05-08 00:00:00','abril',1000000,5,2,1,1),(11,2,'2017-05-23 00:00:00','enero',0,1,1,0,1),(12,2,'2017-07-04 00:00:00','enero',1000,1,4,0,1),(13,2,'2017-05-25 00:00:00','enero',250000,1,2,1,1),(14,1,'2017-05-30 00:00:00','enero',100000,1,1,0,1),(15,1,'2017-05-30 00:00:00','enero',100000,1,1,1,1),(16,1,'2017-05-30 00:00:00','enero',150000,1,1,0,1),(17,1,'2017-05-30 00:00:00','enero',250000,5,1,0,1),(18,6,'2018-05-02 00:00:00','febrero',163000,1,4,0,3),(19,6,'2018-04-02 00:00:00','febrero',99999,1,1,0,1),(20,1,'2017-07-19 00:00:00','enero',1000,4,1,1,1),(21,2,'2017-08-25 00:00:00','julio',200000,2,1,1,2),(22,1,'2018-04-04 00:00:00','marzo',0,5,1,0,2),(23,1,'2018-03-29 00:00:00','marzo',2795548,6,1,0,2),(24,8,'2018-04-13 00:00:00','abril',202895,2,5,1,1),(25,1,'2018-03-28 00:00:00','marzo',2795548,6,1,0,2),(26,1,'2018-03-28 00:00:00','marzo',2795548,6,1,0,2),(27,5,'2018-04-09 00:00:00','enero',100001,1,1,0,2),(28,8,'2018-04-12 00:00:00','abril',95200,2,5,1,1),(29,8,'2018-04-18 00:00:00','abril',96033,2,5,1,1),(30,1,'2018-04-30 00:00:00','abril',1061990,5,1,0,2),(31,11,'2018-04-20 00:00:00','abril',154700,5,5,1,2),(32,11,'2018-04-20 00:00:00','abril',285005,5,5,1,2),(33,11,'2018-04-20 00:00:00','abril',215247,5,5,1,2),(34,8,'2018-04-25 00:00:00','abril',910000,2,1,1,2),(35,8,'2018-04-30 00:00:00','abril',9773900,2,2,1,2),(36,8,'2018-04-25 00:00:00','abril',850000,1,2,1,2),(37,8,'2018-04-30 00:00:00','abril',194000,1,1,1,2),(38,8,'2018-04-30 00:00:00','abril',815000,2,2,1,1),(39,12,'2018-04-25 00:00:00','abril',101210,6,5,1,1),(40,12,'2018-04-16 00:00:00','abril',50000,6,3,1,1),(41,5,'2018-04-25 00:00:00','enero',1000,1,1,0,1),(42,12,'2018-04-11 00:00:00','abril',179360,6,3,1,1),(43,1,'2018-04-29 00:00:00','enero',1000,1,1,0,1),(44,5,'2018-04-29 00:00:00','mayo',1000,1,6,0,1),(45,1,'2018-04-29 00:00:00','abril',10000,3,2,0,1),(46,1,'2018-04-29 00:00:00','enero',10000,5,1,0,1),(47,12,'2018-04-30 00:00:00','abril',1050089,6,1,1,2),(48,1,'2018-04-30 00:00:00','abril',1050089,6,1,0,2),(49,1,'2018-04-27 00:00:00','abril',506414,3,1,0,2),(50,12,'2018-04-27 00:00:00','abril',300000,6,2,1,1),(51,12,'2018-04-26 00:00:00','abril',280721,6,1,1,1),(52,1,'2018-04-26 00:00:00','abril',10500890,6,1,0,2),(53,12,'2018-04-26 00:00:00','abril',1464214,6,2,1,1),(54,12,'2018-05-04 00:00:00','abril',354728,6,3,1,1),(55,1,'2018-04-26 00:00:00','abril',1050089,6,1,0,2),(56,1,'2018-05-07 00:00:00','abril',8265400,5,2,0,1),(57,13,'2018-05-08 00:00:00','abril',1393313,4,1,1,2),(58,11,'2018-05-08 00:00:00','abril',1110000,5,6,1,1),(59,12,'2018-05-09 00:00:00','abril',1265000,6,3,1,1),(60,13,'2018-05-10 00:00:00','abril',0,4,3,0,2),(61,13,'2018-05-10 00:00:00','abril',598000,4,3,1,2),(62,13,'2018-05-31 00:00:00','mayo',4360447,4,2,1,2),(63,13,'2018-05-10 00:00:00','abril',8456482,4,2,1,2),(64,8,'2018-05-31 00:00:00','mayo',850000,1,2,1,2),(65,12,'2018-05-04 00:00:00','mayo',80000,6,2,1,1),(66,12,'2018-05-17 00:00:00','mayo',423021,6,5,1,1),(67,11,'2018-05-30 00:00:00','mayo',265658,5,5,1,1),(68,13,'2018-05-31 00:00:00','mayo',1611616,4,1,1,2),(69,8,'2018-05-31 00:00:00','mayo',425606,1,1,1,2),(70,12,'2018-05-30 00:00:00','mayo',1251547,6,1,1,2),(71,8,'2018-05-31 00:00:00','mayo',1286210,2,1,1,2),(72,11,'2018-05-31 00:00:00','mayo',1231990,5,1,1,2),(73,8,'2018-05-31 00:00:00','mayo',7386058,2,2,1,1),(74,11,'2018-05-31 00:00:00','mayo',1404975,5,2,1,2),(75,11,'2018-05-31 00:00:00','mayo',3087690,5,2,1,2),(76,8,'2018-05-31 00:00:00','mayo',436444,2,5,1,1),(77,8,'2018-05-31 00:00:00','mayo',815000,2,2,1,1),(78,11,'2018-05-31 00:00:00','mayo',1110000,5,6,1,1),(79,11,'2018-06-06 00:00:00','junio',80349,5,5,0,1);
/*!40000 ALTER TABLE `main_app_rendicion` ENABLE KEYS */;
UNLOCK TABLES;

--
-- Table structure for table `main_app_rendicionesfondosdetalles`
--

DROP TABLE IF EXISTS `main_app_rendicionesfondosdetalles`;
/*!40101 SET @saved_cs_client     = @@character_set_client */;
/*!40101 SET character_set_client = utf8 */;
CREATE TABLE `main_app_rendicionesfondosdetalles` (
  `id` int(11) NOT NULL AUTO_INCREMENT,
  `fondos_detalles_id` int(11) NOT NULL,
  `rendicion_id` int(11) NOT NULL,
  PRIMARY KEY (`id`)
) ENGINE=InnoDB AUTO_INCREMENT=536 DEFAULT CHARSET=utf8;
/*!40101 SET character_set_client = @saved_cs_client */;

--
-- Dumping data for table `main_app_rendicionesfondosdetalles`
--

LOCK TABLES `main_app_rendicionesfondosdetalles` WRITE;
/*!40000 ALTER TABLE `main_app_rendicionesfondosdetalles` DISABLE KEYS */;
INSERT INTO `main_app_rendicionesfondosdetalles` VALUES (1,1,5),(2,2,5),(3,3,22),(4,4,22),(5,5,22),(6,6,22),(7,7,22),(8,8,22),(9,9,22),(10,10,22),(11,11,22),(12,12,22),(13,13,22),(14,14,22),(15,15,22),(16,16,23),(17,17,23),(18,18,23),(19,19,23),(20,20,23),(21,21,23),(22,22,23),(23,23,23),(24,24,23),(25,25,23),(26,26,23),(27,27,23),(28,28,24),(29,29,25),(30,30,25),(31,31,25),(32,32,26),(33,33,27),(34,34,27),(35,35,28),(38,38,29),(39,39,30),(40,40,30),(41,41,30),(42,42,30),(43,43,30),(44,44,30),(45,45,31),(46,46,32),(47,47,33),(48,48,34),(49,49,34),(50,50,34),(55,55,34),(56,56,30),(57,57,30),(60,60,30),(61,61,30),(62,62,30),(63,63,30),(64,64,30),(65,65,30),(66,66,30),(69,69,30),(70,70,30),(71,71,30),(72,72,35),(83,83,30),(85,85,35),(86,86,35),(87,87,39),(89,89,35),(90,90,35),(91,91,35),(92,92,40),(93,93,35),(95,95,35),(96,96,35),(97,97,35),(98,98,35),(99,99,35),(100,100,35),(101,101,35),(102,102,35),(104,104,36),(105,105,36),(106,106,37),(107,107,37),(108,108,37),(109,109,41),(110,110,37),(114,114,35),(117,117,42),(120,120,35),(121,121,35),(122,122,35),(129,129,18),(130,130,19),(131,131,35),(132,132,48),(133,133,48),(134,134,48),(138,138,35),(139,139,35),(140,140,48),(141,141,35),(142,142,35),(143,143,35),(144,144,35),(145,145,35),(146,146,35),(147,147,38),(148,148,35),(151,151,38),(152,152,38),(153,153,38),(154,154,38),(157,157,35),(159,159,49),(160,160,49),(163,163,49),(164,164,49),(166,166,49),(167,167,49),(168,168,49),(169,169,37),(170,170,50),(171,171,37),(172,172,37),(173,173,51),(174,174,37),(176,176,53),(177,177,53),(178,178,53),(179,179,53),(180,180,53),(181,181,53),(186,186,54),(187,187,54),(188,188,47),(189,189,47),(190,190,47),(191,191,47),(192,192,47),(193,193,47),(194,194,47),(195,195,47),(196,196,47),(197,197,47),(198,198,47),(199,199,47),(200,200,47),(201,201,47),(202,202,47),(203,203,37),(206,206,56),(207,207,56),(208,208,56),(209,209,56),(210,210,56),(211,211,56),(212,212,56),(213,213,56),(214,214,56),(215,215,56),(216,216,56),(217,217,56),(218,218,56),(219,219,56),(220,220,56),(221,221,56),(222,222,56),(223,223,56),(224,224,56),(225,225,56),(226,226,56),(227,227,56),(228,228,56),(229,229,56),(230,230,56),(231,231,56),(232,232,56),(233,233,56),(234,234,56),(235,235,56),(236,236,56),(239,239,58),(240,240,58),(242,242,42),(243,243,59),(246,246,61),(247,247,61),(248,248,61),(249,249,60),(250,250,62),(251,251,57),(252,252,63),(253,253,63),(254,254,57),(255,255,63),(256,256,63),(257,257,63),(258,258,63),(259,259,63),(260,260,63),(261,261,57),(262,262,63),(263,263,63),(264,264,63),(265,265,57),(266,266,57),(267,267,57),(268,268,57),(269,269,63),(270,270,63),(271,271,57),(272,272,57),(273,273,57),(274,274,57),(275,275,44),(276,276,44),(277,277,63),(278,278,57),(279,279,57),(280,280,57),(281,281,57),(282,282,57),(283,283,57),(284,284,57),(285,285,57),(290,290,63),(291,291,63),(292,292,56),(293,293,56),(294,294,56),(295,295,56),(296,296,56),(297,297,56),(298,298,56),(299,299,56),(300,300,56),(301,301,56),(302,302,56),(303,303,56),(304,304,56),(305,305,56),(306,306,56),(307,307,56),(308,308,56),(309,309,56),(310,310,56),(312,312,62),(313,313,62),(314,314,62),(315,315,62),(318,318,65),(319,319,66),(320,320,62),(321,321,66),(324,324,67),(325,325,67),(330,330,68),(331,331,68),(332,332,68),(333,333,68),(334,334,68),(335,335,68),(336,336,68),(337,337,68),(338,338,68),(339,339,68),(340,340,68),(342,342,69),(343,343,69),(344,344,69),(351,351,69),(352,352,70),(353,353,70),(354,354,70),(355,355,70),(356,356,70),(357,357,70),(358,358,70),(359,359,70),(360,360,70),(361,361,70),(362,362,70),(363,363,70),(364,364,70),(365,365,69),(366,366,69),(367,367,69),(372,372,69),(375,375,64),(376,376,64),(377,377,64),(378,378,64),(381,381,70),(382,382,70),(383,383,70),(384,384,70),(385,385,70),(386,386,70),(387,387,70),(388,388,70),(389,389,70),(393,393,69),(394,394,69),(395,395,69),(396,396,69),(397,397,69),(398,398,71),(399,399,62),(400,400,62),(401,401,71),(402,402,71),(403,403,71),(404,404,71),(405,405,71),(410,410,71),(411,411,71),(412,412,71),(415,415,71),(416,416,72),(417,417,72),(418,418,72),(419,419,72),(420,420,72),(421,421,72),(422,422,72),(423,423,72),(424,424,71),(425,425,71),(426,426,71),(427,427,62),(428,428,71),(429,429,62),(430,430,62),(431,431,62),(432,432,62),(433,433,62),(434,434,62),(435,435,73),(436,436,73),(437,437,64),(439,439,72),(440,440,72),(441,441,72),(442,442,72),(443,443,72),(444,444,72),(445,445,72),(446,446,72),(447,447,72),(448,448,72),(449,449,72),(450,450,72),(451,451,72),(452,452,72),(453,453,72),(459,459,62),(460,460,62),(461,461,62),(462,462,62),(463,463,62),(464,464,62),(465,465,62),(466,466,62),(469,469,68),(470,470,68),(471,471,73),(472,472,73),(473,473,73),(474,474,73),(475,475,74),(476,476,74),(477,477,74),(478,478,74),(479,479,74),(480,480,74),(481,481,74),(482,482,74),(483,483,74),(484,484,73),(485,485,73),(486,486,73),(487,487,73),(488,488,73),(489,489,73),(490,490,73),(491,491,73),(492,492,74),(493,493,74),(494,494,74),(495,495,74),(496,496,74),(497,497,74),(498,498,74),(499,499,74),(500,500,74),(501,501,74),(502,502,74),(504,504,75),(505,505,75),(506,506,75),(507,507,75),(508,508,75),(509,509,75),(510,510,75),(511,511,75),(512,512,75),(514,514,76),(515,515,76),(516,516,75),(517,517,75),(518,518,75),(519,519,75),(520,520,75),(521,521,75),(524,524,73),(525,525,77),(527,527,77),(528,528,77),(529,529,77),(530,530,77),(531,531,78),(532,532,78),(533,533,71),(534,534,60),(535,535,79);
/*!40000 ALTER TABLE `main_app_rendicionesfondosdetalles` ENABLE KEYS */;
UNLOCK TABLES;

--
-- Table structure for table `main_app_rendicionesgastodetalles`
--

DROP TABLE IF EXISTS `main_app_rendicionesgastodetalles`;
/*!40101 SET @saved_cs_client     = @@character_set_client */;
/*!40101 SET character_set_client = utf8 */;
CREATE TABLE `main_app_rendicionesgastodetalles` (
  `id` int(11) NOT NULL AUTO_INCREMENT,
  `gastos_detalles_id` int(11) NOT NULL,
  `rendicion_id` int(11) NOT NULL,
  PRIMARY KEY (`id`)
) ENGINE=InnoDB AUTO_INCREMENT=155 DEFAULT CHARSET=utf8;
/*!40101 SET character_set_client = @saved_cs_client */;

--
-- Dumping data for table `main_app_rendicionesgastodetalles`
--

LOCK TABLES `main_app_rendicionesgastodetalles` WRITE;
/*!40000 ALTER TABLE `main_app_rendicionesgastodetalles` DISABLE KEYS */;
INSERT INTO `main_app_rendicionesgastodetalles` VALUES (2,2,4),(13,14,8),(85,86,1),(92,93,3),(94,95,13),(95,96,2),(96,97,12),(97,98,1),(98,99,14),(99,100,16),(100,101,11),(101,102,9),(103,104,21),(104,105,27),(107,108,34),(110,111,36),(113,114,50),(114,115,53),(115,116,54),(117,118,47),(118,119,47),(119,120,37),(120,121,35),(121,122,35),(129,130,59),(130,131,61),(131,132,58),(132,133,63),(133,134,63),(135,136,67),(136,137,65),(137,138,70),(138,139,70),(139,140,70),(140,141,68),(141,142,69),(143,144,64),(145,146,73),(146,147,73),(147,148,71),(148,149,71),(149,150,77),(150,151,56),(151,152,62),(152,153,75),(154,155,78);
/*!40000 ALTER TABLE `main_app_rendicionesgastodetalles` ENABLE KEYS */;
UNLOCK TABLES;

--
-- Table structure for table `main_app_subcategoria`
--

DROP TABLE IF EXISTS `main_app_subcategoria`;
/*!40101 SET @saved_cs_client     = @@character_set_client */;
/*!40101 SET character_set_client = utf8 */;
CREATE TABLE `main_app_subcategoria` (
  `id` int(11) NOT NULL AUTO_INCREMENT,
  `code` varchar(100) DEFAULT NULL,
  `nombre` varchar(100) DEFAULT NULL,
  `categoria_id` int(11) NOT NULL,
  PRIMARY KEY (`id`)
) ENGINE=InnoDB AUTO_INCREMENT=302 DEFAULT CHARSET=utf8;
/*!40101 SET character_set_client = @saved_cs_client */;

--
-- Dumping data for table `main_app_subcategoria`
--

LOCK TABLES `main_app_subcategoria` WRITE;
/*!40000 ALTER TABLE `main_app_subcategoria` DISABLE KEYS */;
INSERT INTO `main_app_subcategoria` VALUES (1,'410502','PERFECCIONAMIENTO Y CAPACITACION DE RRHH',1),(2,'410601','IMPLEMENTOS DE LABORATORIO',2),(3,'410602','IMPLEMENTOS DEPORTIVOS',2),(4,'410603','INSTRUMENTOS MUSICALES Y ARTISTICOS',2),(5,'410604','RECURSOS AUDIOVISUALES Y SOFTWARE EDUCATIVO',2),(6,'410605','MATERIAL Y RECURSOS DIDACTICOS',2),(7,'410606','BIBLIOTECAS, LIBROS Y REVISTAS',2),(8,'410607','EVENTOS EDUCATIVOS Y CULTURALES',2),(9,'410608','INSTRUMENTOS DE EVALUACION DIAGNOSTICA',2),(10,'410609','OTROS GASTOS EN RECURSOS DE APRENDIZAJE',2),(11,'410701','EQUIPOS DE FOTOGAFIA Y FILMACION',3),(12,'410702','PIZARRAS INTERACTIVAS',3),(13,'410703','EQUIPOS INFORMATICOS',3),(14,'410704','EQUIPOS REPRODUCTORES DE IMAGEN',3),(15,'410705','EQUIPOS MULTICOPIADORES',3),(16,'410706','EQUIPOS DE AMPLIFICACION Y SONIDO',3),(17,'410707','OTROS GASTOS EN EQUIPAMIENTO DE APOYO PEDAGOGICO',3),(18,'410801','UNIFORMES Y VESTUARIO',4),(19,'410802','OTROS GASTO BIENESTAR ALUMNOS',4),(20,'410803','TALLERES DEPORTIVOS',4),(21,'410806','ÚTILES ESCOLARES',4),(22,'410901','TRANSPORTE ESCOLAR',5),(23,'410902','MATERIALES DE OFICINA',5),(24,'410903','REPRODUCCION DE DOCUMENTOS',5),(25,'410904','ALIMENTACION',5),(26,'410905','INSUMOS COMPUTACIONALES',5),(27,'410906','COMBUSTIBLES Y PEAJES',5),(28,'410907','MATERIALES Y UTILES DE ASEO',5),(29,'410908','PUBLICIDAD',5),(30,'410909','PASAJES',5),(31,'410910','OTROS GASTOS DE OPERACIÓN',5),(32,'411001','INTERNET',6),(33,'411002','AGUA',6),(34,'411003','GAS',6),(35,'411004','ELECTRICIDAD',6),(36,'411005','SERVICIO DE CORRESPONDENCIA (CORREOS)',6),(37,'411006','TELEFONIA (MOVIL Y FIJA)',6),(38,'411007','CALEFACCION',6),(39,'411008','OTROS GASTOS EN SERVICIOS BASICOS',6),(40,'411101','CONTRATACION SERVICIOS ASEO Y JARDINERIA',7),(41,'411102','CONTRATACION SERVICIOS DE SEGURIDAD',7),(42,'411103','CONTRATACION OTROS SERVICIOS EXTERNOS',7),(43,'411401','ARRIENDO DE LOCAL ESCOLAR',8),(44,'411403','ARRIENDO DE OTROS BIENES INMUEBLES',8),(45,'411501','ARRIENDO DE EQUIPOS INFORMATICOS',9),(46,'411502','ARRIENDO DE MAQUINARIAS Y EQUIPOS',9),(47,'411503','ARRIENDO DE MOBILIARIOS',9),(48,'411504','ARRIENDO DE OTROS BIENES MUEBLES',9),(49,'411601','MANTENCION Y REPARACION DE INFRAESTRUCTURA',10),(50,'411602','CONSTRUCCION DE INFRAESTRUCTURA (OBRA GRUESA)',10),(51,'411603','TERMINACIONES DE INFRAESTRUCTURA',10),(52,'411604','INSTALACIONES ELECTRICAS E ILUMINACION',10),(53,'411605','INSTALACION DE GAS',10),(54,'411606','INSTALACION DE AGUA',10),(55,'411607','ALCANTARILLADOS O POZOS SEPTICOS',10),(56,'411608','CIERRES PERIMETRALES Y OBRAS COMPLEMENTARIAS',10),(57,'411609','SERVICIOS HIGIENICOS',10),(58,'411610','ELIMINACION DE BARRERAS ARQUITECTONICAS DE MENOR ENVERGADURA',10),(59,'411701','MANTENCION Y REPARACION DE BIENES MUEBLES',11),(60,'411702','REPUESTOS, MANTENIMIENTO Y REPARACION DE VEHICULOS',11),(61,'411703','MANTENCION Y REPARACION DE EQUIPOS COMPUTACIONALES',11),(62,'411704','MANTENCION Y REPARACION DE MOBILIARIO ESCOLAR',11),(63,'411705','MANTENCION Y REPARACION DE MAQUINAS DE OFICINA',11),(64,'411801','ADQUISICION DE BIENES INMUEBLES',12),(65,'411802','ADQUISICION DE MOBILIARIO',12),(66,'411803','VEHICULO',12),(67,'411804','ADQUISICION DE OTROS BIENES MUEBLES NO PEDAGOGICOS',12),(68,'410502','PERFECCIONAMIENTO Y CAPACITACION DE RRHH',13),(69,'410902','MATERIALES DE OFICINA',14),(70,'410903','REPRODUCCION DE DOCUMENTOS',14),(71,'410904','ALIMENTACION',14),(72,'410905','INSUMOS COMPUTACIONALES',14),(73,'410906','COMBUSTIBLES Y PEAJES',14),(74,'410907','MATERIALES Y UTILES DE ASEO',14),(75,'410908','PUBLICIDAD',14),(76,'410909','PASAJES',14),(77,'410910','OTROS GASTOS DE OPERACIÓN',14),(78,'411001','INTERNET',15),(79,'411002','AGUA',15),(80,'411003','GAS',15),(81,'411004','ELECTRICIDAD',15),(82,'411005','SERVICIO DE CORRESPONDENCIA (CORREOS)',15),(83,'411006','TELEFONIA (MOVIL Y FIJA)',15),(84,'411007','CALEFACCION',15),(85,'411008','OTROS GASTOS EN SERVICIOS BASICOS',15),(86,'411101','CONTRATACION SERVICIOS ASEO Y JARDINERIA',16),(87,'411102','CONTRATACION SERVICIOS DE SEGURIDAD',16),(88,'411103','CONTRATACION OTROS SERVICIOS EXTERNOS',16),(89,'411501','ARRIENDO DE EQUIPOS INFORMATICOS',17),(90,'411502','ARRIENDO DE MAQUINARIAS Y EQUIPOS',17),(91,'411503','ARRIENDO DE MOBILIARIOS',17),(92,'411504','ARRIENDO DE OTROS BIENES MUEBLES',17),(93,'411601','MANTENCION Y REPARACION DE INFRAESTRUCTURA',18),(94,'411602','CONSTRUCCION DE INFRAESTRUCTURA (OBRA GRUESA)',18),(95,'411603','TERMINACIONES DE INFRAESTRUCTURA',18),(96,'411604','INSTALACIONES ELECTRICAS E ILUMINACION',18),(97,'411605','INSTALACION DE GAS',18),(98,'411606','INSTALACION DE AGUA',18),(99,'411607','ALCANTARILLADOS O POZOS SEPTICOS',18),(100,'411608','CIERRES PERIMETRALES Y OBRAS COMPLEMENTARIAS',18),(101,'411609','SERVICIOS HIGIENICOS',18),(102,'411610','ELIMINACION DE BARRERAS ARQUITECTONICAS DE MENOR ENVERGADURA',18),(103,'411701','MANTENCION Y REPARACION DE BIENES MUEBLES',19),(104,'411702','REPUESTOS, MANTENIMIENTO Y REPARACION DE VEHICULOS',19),(105,'411703','MANTENCION Y REPARACION DE EQUIPOS COMPUTACIONALES',19),(106,'411705','MANTENCION Y REPARACION DE MAQUINAS DE OFICINA',19),(107,'411802','ADQUISICION DE MOBILIARIO',20),(108,'411803','VEHICULO',20),(109,'411804','ADQUISICION DE OTROS BIENES MUEBLES NO PEDAGOGICOS',20),(110,'410501','ASESORIA TECNICA Y CAPACITACION (ATE)',21),(111,'410601','IMPLEMENTOS DE LABORATORIO',22),(112,'410602','IMPLEMENTOS DEPORTIVOS',22),(113,'410603','INSTRUMENTOS MUSICALES Y ARTISTICOS',22),(114,'410604','RECURSOS AUDIOVISUALES Y SOFTWARE EDUCATIVO',22),(115,'410605','MATERIAL Y RECURSOS DIDACTICOS',22),(116,'410606','BIBLIOTECAS, LIBROS Y REVISTAS',22),(117,'410607','EVENTOS EDUCATIVOS Y CULTURALES',22),(118,'410608','INSTRUMENTOS DE EVALUACION DIAGNOSTICA',22),(119,'410609','OTROS GASTOS EN RECURSOS DE APRENDIZAJE',22),(120,'410701','EQUIPOS DE FOTOGAFIA Y FILMACION',23),(121,'410702','PIZARRAS INTERACTIVAS',23),(122,'410703','EQUIPOS INFORMATICOS',23),(123,'410704','EQUIPOS REPRODUCTORES DE IMAGEN',23),(124,'410705','EQUIPOS MULTICOPIADORES',23),(125,'410706','EQUIPOS DE AMPLIFICACION Y SONIDO',23),(126,'410707','OTROS GASTOS EN EQUIPAMIENTO DE APOYO PEDAGOGICO',23),(127,'410801','UNIFORMES Y VESTUARIO',24),(128,'410802','OTROS GASTO BIENESTAR ALUMNOS',24),(129,'410803','TALLERES DEPORTIVOS',24),(130,'410806','ÚTILES ESCOLARES',24),(131,'410901','TRANSPORTE ESCOLAR',25),(132,'410902','MATERIALES DE OFICINA',25),(133,'410903','REPRODUCCION DE DOCUMENTOS',25),(134,'410904','ALIMENTACION',25),(135,'410905','INSUMOS COMPUTACIONALES',25),(136,'410906','COMBUSTIBLES Y PEAJES',25),(137,'410909','PASAJES',25),(138,'410910','OTROS GASTOS DE OPERACIÓN',25),(139,'411001','INTERNET',26),(140,'411103','CONTRATACION OTROS SERVICIOS EXTERNOS',27),(141,'411401','ARRIENDO DE LOCAL ESCOLAR',28),(142,'411403','ARRIENDO DE OTROS BIENES INMUEBLES',28),(143,'411501','ARRIENDO DE EQUIPOS INFORMATICOS',29),(144,'411502','ARRIENDO DE MAQUINARIAS Y EQUIPOS',29),(145,'411503','ARRIENDO DE MOBILIARIOS',29),(146,'411504','ARRIENDO DE OTROS BIENES MUEBLES',29),(147,'411802','ADQUISICION DE MOBILIARIO',30),(148,'410501','ASESORIA TECNICA Y CAPACITACION (ATE)',31),(149,'410703','EQUIPOS INFORMATICOS',32),(150,'410901','TRANSPORTE ESCOLAR',33),(151,'410902','MATERIALES DE OFICINA',33),(152,'410903','REPRODUCCION DE DOCUMENTOS',33),(153,'410905','INSUMOS COMPUTACIONALES',33),(154,'410906','COMBUSTIBLES Y PEAJES',33),(155,'410909','PASAJES',33),(156,'410910','OTROS GASTOS DE OPERACIÓN',33),(157,'411001','INTERNET',34),(158,'411501','ARRIENDO DE EQUIPOS INFORMATICOS',35),(159,'411502','ARRIENDO DE MAQUINARIAS Y EQUIPOS',35),(160,'411503','ARRIENDO DE MOBILIARIOS',35),(161,'411504','ARRIENDO DE OTROS BIENES MUEBLES',35),(162,'411802','ADQUISICION DE MOBILIARIO',36),(163,'410502','PERFECCIONAMIENTO Y CAPACITACION DE RRHH',37),(164,'410604','RECURSOS AUDIOVISUALES Y SOFTWARE EDUCATIVO',38),(165,'410605','MATERIAL Y RECURSOS DIDACTICOS',38),(166,'410606','BIBLIOTECAS, LIBROS Y REVISTAS',38),(167,'410607','EVENTOS EDUCATIVOS Y CULTURALES',38),(168,'410608','INSTRUMENTOS DE EVALUACION DIAGNOSTICA',38),(169,'410609','OTROS GASTOS EN RECURSOS DE APRENDIZAJE',38),(170,'410701','EQUIPOS DE FOTOGAFIA Y FILMACION',39),(171,'410702','PIZARRAS INTERACTIVAS',39),(172,'410703','EQUIPOS INFORMATICOS',39),(173,'410704','EQUIPOS REPRODUCTORES DE IMAGEN',39),(174,'410705','EQUIPOS MULTICOPIADORES',39),(175,'410706','EQUIPOS DE AMPLIFICACION Y SONIDO',39),(176,'410707','OTROS GASTOS EN EQUIPAMIENTO DE APOYO PEDAGOGICO',39),(177,'410804','CONSULTAS MEDICAS',40),(178,'410901','TRANSPORTE ESCOLAR',41),(179,'410902','MATERIALES DE OFICINA',41),(180,'410903','REPRODUCCION DE DOCUMENTOS',41),(181,'410905','INSUMOS COMPUTACIONALES',41),(182,'410909','PASAJES',41),(183,'410910','OTROS GASTOS DE OPERACIÓN',41),(184,'411103','CONTRATACION OTROS SERVICIOS EXTERNOS',42),(185,'411501','ARRIENDO DE EQUIPOS INFORMATICOS',43),(186,'411502','ARRIENDO DE MAQUINARIAS Y EQUIPOS',43),(187,'411503','ARRIENDO DE MOBILIARIOS',43),(188,'411504','ARRIENDO DE OTROS BIENES MUEBLES',43),(189,'411610','ELIMINACION DE BARRERAS ARQUITECTONICAS DE MENOR ENVERGADURA',44),(190,'410601','IMPLEMENTOS DE LABORATORIO',45),(191,'410602','IMPLEMENTOS DEPORTIVOS',45),(192,'410603','INSTRUMENTOS MUSICALES Y ARTISTICOS',45),(193,'410604','RECURSOS AUDIOVISUALES Y SOFTWARE EDUCATIVO',45),(194,'410701','EQUIPOS DE FOTOGAFIA Y FILMACION',46),(195,'410702','PIZARRAS INTERACTIVAS',46),(196,'410703','EQUIPOS INFORMATICOS',46),(197,'410704','EQUIPOS REPRODUCTORES DE IMAGEN',46),(198,'410705','EQUIPOS MULTICOPIADORES',46),(199,'410706','EQUIPOS DE AMPLIFICACION Y SONIDO',46),(200,'410707','OTROS GASTOS EN EQUIPAMIENTO DE APOYO PEDAGOGICO',46),(201,'411502','ARRIENDO DE MAQUINARIAS Y EQUIPOS',47),(202,'411601','MANTENCION Y REPARACION DE INFRAESTRUCTURA',48),(203,'411602','CONSTRUCCION DE INFRAESTRUCTURA (OBRA GRUESA)',48),(204,'411603','TERMINACIONES DE INFRAESTRUCTURA',48),(205,'411604','INSTALACIONES ELECTRICAS E ILUMINACION',48),(206,'411605','INSTALACION DE GAS',48),(207,'411606','INSTALACION DE AGUA',48),(208,'411607','ALCANTARILLADOS O POZOS SEPTICOS',48),(209,'411608','CIERRES PERIMETRALES Y OBRAS COMPLEMENTARIAS',48),(210,'411609','SERVICIOS HIGIENICOS',48),(211,'411610','ELIMINACION DE BARRERAS ARQUITECTONICAS DE MENOR ENVERGADURA',48),(212,'411701','MANTENCION Y REPARACION DE BIENES MUEBLES',49),(213,'411703','MANTENCION Y REPARACION DE EQUIPOS COMPUTACIONALES',49),(214,'411704','MANTENCION Y REPARACION DE MOBILIARIO ESCOLAR',49),(215,'411705','MANTENCION Y REPARACION DE MAQUINAS DE OFICINA',49),(216,'410601','IMPLEMENTOS DE LABORATORIO',50),(217,'410602','IMPLEMENTOS DEPORTIVOS',50),(218,'410603','INSTRUMENTOS MUSICALES Y ARTISTICOS',50),(219,'410604','RECURSOS AUDIOVISUALES Y SOFTWARE EDUCATIVO',50),(220,'410605','MATERIAL Y RECURSOS DIDACTICOS',50),(221,'410606','BIBLIOTECAS, LIBROS Y REVISTAS',50),(222,'410607','EVENTOS EDUCATIVOS Y CULTURALES',50),(223,'410608','INSTRUMENTOS DE EVALUACION DIAGNOSTICA',50),(224,'410609','OTROS GASTOS EN RECURSOS DE APRENDIZAJE',50),(225,'410801','UNIFORMES Y VESTUARIO',51),(226,'410802','OTROS GASTO BIENESTAR ALUMNOS',51),(227,'410803','TALLERES DEPORTIVOS',51),(228,'410804','CONSULTAS MEDICAS',51),(229,'410805','APOYO AL ESTUDIANTE',51),(230,'410806','ÚTILES ESCOLARES',51),(231,'410901','TRANSPORTE ESCOLAR',52),(232,'410904','ALIMENTACION',52),(233,'411103','CONTRATACION OTROS SERVICIOS EXTERNOS',53),(234,'000000','-',55),(235,'410502','PERFECCIONAMIENTO Y CAPACITACION DE RRHH',56),(236,'410601','IMPLEMENTOS DE LABORATORIO',57),(237,'410602','IMPLEMENTOS DEPORTIVOS',57),(238,'410603','INSTRUMENTOS MUSICALES Y ARTISTICOS',57),(239,'410604','RECURSOS AUDIOVISUALES Y SOFTWARE EDUCATIVO',57),(240,'410605','MATERIAL Y RECURSOS DIDACTICOS',57),(241,'410606','BIBLIOTECAS, LIBROS Y REVISTAS',57),(242,'410607','EVENTOS EDUCATIVOS Y CULTURALES',57),(243,'410608','INSTRUMENTOS DE EVALUACION DIAGNOSTICA',57),(244,'410609','OTROS GASTOS EN RECURSOS DE APRENDIZAJE',57),(245,'410701','EQUIPOS DE FOTOGAFIA Y FILMACION',58),(246,'410702','PIZARRAS INTERACTIVAS',58),(247,'410703','EQUIPOS INFORMATICOS',58),(248,'410704','EQUIPOS REPRODUCTORES DE IMAGEN',58),(249,'410705','EQUIPOS MULTICOPIADORES',58),(250,'410706','EQUIPOS DE AMPLIFICACION Y SONIDO',58),(251,'410707','OTROS GASTOS EN EQUIPAMIENTO DE APOYO PEDAGOGICO',58),(252,'410801','UNIFORMES Y VESTUARIO',59),(253,'410802','OTROS GASTO BIENESTAR ALUMNOS',59),(254,'410803','TALLERES DEPORTIVOS',59),(255,'410806','ÚTILES ESCOLARES',59),(256,'410901','TRANSPORTE ESCOLAR',60),(257,'410902','MATERIALES DE OFICINA',60),(258,'410903','REPRODUCCION DE DOCUMENTOS',60),(259,'410904','ALIMENTACION',60),(260,'410905','INSUMOS COMPUTACIONALES',60),(261,'410906','COMBUSTIBLES Y PEAJES',60),(262,'410907','MATERIALES Y UTILES DE ASEO',60),(263,'410908','PUBLICIDAD',60),(264,'410909','PASAJES',60),(265,'410910','OTROS GASTOS DE OPERACIÓN',60),(266,'411001','INTERNET',61),(267,'411002','AGUA',61),(268,'411003','GAS',61),(269,'411004','ELECTRICIDAD',61),(270,'411005','SERVICIO DE CORRESPONDENCIA (CORREOS)',61),(271,'411006','TELEFONIA (MOVIL Y FIJA)',61),(272,'411007','CALEFACCION',61),(273,'411008','OTROS GASTOS EN SERVICIOS BASICOS',61),(274,'411101','CONTRATACION SERVICIOS ASEO Y JARDINERIA',62),(275,'411102','CONTRATACION SERVICIOS DE SEGURIDAD',62),(276,'411103','CONTRATACION OTROS SERVICIOS EXTERNOS',62),(277,'411401','ARRIENDO DE LOCAL ESCOLAR',63),(278,'411403','ARRIENDO DE OTROS BIENES INMUEBLES',63),(279,'411501','ARRIENDO DE EQUIPOS INFORMATICOS',64),(280,'411502','ARRIENDO DE MAQUINARIAS Y EQUIPOS',64),(281,'411503','ARRIENDO DE MOBILIARIOS',64),(282,'411504','ARRIENDO DE OTROS BIENES MUEBLES',64),(283,'411601','MANTENCION Y REPARACION DE INFRAESTRUCTURA',65),(284,'411602','CONSTRUCCION DE INFRAESTRUCTURA (OBRA GRUESA)',65),(285,'411603','TERMINACIONES DE INFRAESTRUCTURA',65),(286,'411604','INSTALACIONES ELECTRICAS E ILUMINACION',65),(287,'411605','INSTALACION DE GAS',65),(288,'411606','INSTALACION DE AGUA',65),(289,'411607','ALCANTARILLADOS O POZOS SEPTICOS',65),(290,'411608','CIERRES PERIMETRALES Y OBRAS COMPLEMENTARIAS',65),(291,'411609','SERVICIOS HIGIENICOS',65),(292,'411610','ELIMINACION DE BARRERAS ARQUITECTONICAS DE MENOR ENVERGADURA',65),(293,'411701','MANTENCION Y REPARACION DE BIENES MUEBLES',66),(294,'411702','REPUESTOS, MANTENIMIENTO Y REPARACION DE VEHICULOS',66),(295,'411703','MANTENCION Y REPARACION DE EQUIPOS COMPUTACIONALES',66),(296,'411704','MANTENCION Y REPARACION DE MOBILIARIO ESCOLAR',66),(297,'411705','MANTENCION Y REPARACION DE MAQUINAS DE OFICINA',66),(298,'411801','ADQUISICION DE BIENES INMUEBLES',67),(299,'411802','ADQUISICION DE MOBILIARIO',67),(300,'411803','VEHICULO',67),(301,'411804','ADQUISICION DE OTROS BIENES MUEBLES NO PEDAGOGICOS',67);
/*!40000 ALTER TABLE `main_app_subcategoria` ENABLE KEYS */;
UNLOCK TABLES;

--
-- Table structure for table `main_app_subvencion`
--

DROP TABLE IF EXISTS `main_app_subvencion`;
/*!40101 SET @saved_cs_client     = @@character_set_client */;
/*!40101 SET character_set_client = utf8 */;
CREATE TABLE `main_app_subvencion` (
  `id` int(11) NOT NULL AUTO_INCREMENT,
  `nombre` varchar(100) DEFAULT NULL,
  PRIMARY KEY (`id`)
) ENGINE=InnoDB AUTO_INCREMENT=10 DEFAULT CHARSET=utf8;
/*!40101 SET character_set_client = @saved_cs_client */;

--
-- Dumping data for table `main_app_subvencion`
--

LOCK TABLES `main_app_subvencion` WRITE;
/*!40000 ALTER TABLE `main_app_subvencion` DISABLE KEYS */;
INSERT INTO `main_app_subvencion` VALUES (1,'GENERAL'),(2,'SEP'),(3,'PIE'),(4,'PRORETENCION'),(5,'MANTENIMIENTO'),(6,'DONACION'),(7,'GENERAl GERENCIA'),(8,'SEP GERENCIA'),(9,'-');
/*!40000 ALTER TABLE `main_app_subvencion` ENABLE KEYS */;
UNLOCK TABLES;

--
-- Table structure for table `main_app_tipofondo`
--

DROP TABLE IF EXISTS `main_app_tipofondo`;
/*!40101 SET @saved_cs_client     = @@character_set_client */;
/*!40101 SET character_set_client = utf8 */;
CREATE TABLE `main_app_tipofondo` (
  `id` int(11) NOT NULL AUTO_INCREMENT,
  `nombre` varchar(100) DEFAULT NULL,
  PRIMARY KEY (`id`)
) ENGINE=InnoDB AUTO_INCREMENT=4 DEFAULT CHARSET=utf8;
/*!40101 SET character_set_client = @saved_cs_client */;

--
-- Dumping data for table `main_app_tipofondo`
--

LOCK TABLES `main_app_tipofondo` WRITE;
/*!40000 ALTER TABLE `main_app_tipofondo` DISABLE KEYS */;
INSERT INTO `main_app_tipofondo` VALUES (1,'adicional'),(2,'fijo'),(3,'reembolso');
/*!40000 ALTER TABLE `main_app_tipofondo` ENABLE KEYS */;
UNLOCK TABLES;

--
-- Table structure for table `main_app_tipoformapago`
--

DROP TABLE IF EXISTS `main_app_tipoformapago`;
/*!40101 SET @saved_cs_client     = @@character_set_client */;
/*!40101 SET character_set_client = utf8 */;
CREATE TABLE `main_app_tipoformapago` (
  `id` int(11) NOT NULL AUTO_INCREMENT,
  `nombre` varchar(100) DEFAULT NULL,
  `area` varchar(100) DEFAULT NULL,
  PRIMARY KEY (`id`)
) ENGINE=InnoDB DEFAULT CHARSET=utf8;
/*!40101 SET character_set_client = @saved_cs_client */;

--
-- Dumping data for table `main_app_tipoformapago`
--

LOCK TABLES `main_app_tipoformapago` WRITE;
/*!40000 ALTER TABLE `main_app_tipoformapago` DISABLE KEYS */;
/*!40000 ALTER TABLE `main_app_tipoformapago` ENABLE KEYS */;
UNLOCK TABLES;

--
-- Table structure for table `main_app_userscentrocostos`
--

DROP TABLE IF EXISTS `main_app_userscentrocostos`;
/*!40101 SET @saved_cs_client     = @@character_set_client */;
/*!40101 SET character_set_client = utf8 */;
CREATE TABLE `main_app_userscentrocostos` (
  `id` int(11) NOT NULL AUTO_INCREMENT,
  `user_id` int(11) NOT NULL,
  `centro_costo_id` int(11) NOT NULL,
  PRIMARY KEY (`id`),
  KEY `main_app_userscentrocostos_user_id_id_1106e2b5_uniq` (`user_id`),
  CONSTRAINT `main_app_userscentrocostos_user_id_85a4f9da_fk_auth_user_id` FOREIGN KEY (`user_id`) REFERENCES `auth_user` (`id`)
) ENGINE=InnoDB AUTO_INCREMENT=39 DEFAULT CHARSET=utf8;
/*!40101 SET character_set_client = @saved_cs_client */;

--
-- Dumping data for table `main_app_userscentrocostos`
--

LOCK TABLES `main_app_userscentrocostos` WRITE;
/*!40000 ALTER TABLE `main_app_userscentrocostos` DISABLE KEYS */;
INSERT INTO `main_app_userscentrocostos` VALUES (1,2,1),(2,2,2),(3,2,3),(4,1,1),(5,1,2),(6,1,3),(7,1,4),(8,1,5),(9,1,6),(10,1,7),(11,6,1),(12,6,2),(13,6,3),(14,6,4),(15,6,5),(16,6,6),(17,6,7),(18,7,1),(19,7,2),(20,7,3),(21,7,4),(22,7,5),(23,7,6),(24,7,7),(25,8,1),(26,8,2),(27,9,3),(28,10,4),(29,11,5),(30,12,6),(31,13,4),(32,5,1),(33,5,2),(34,5,3),(35,5,4),(36,5,5),(37,5,6),(38,5,7);
/*!40000 ALTER TABLE `main_app_userscentrocostos` ENABLE KEYS */;
UNLOCK TABLES;
/*!40103 SET TIME_ZONE=@OLD_TIME_ZONE */;

/*!40101 SET SQL_MODE=@OLD_SQL_MODE */;
/*!40014 SET FOREIGN_KEY_CHECKS=@OLD_FOREIGN_KEY_CHECKS */;
/*!40014 SET UNIQUE_CHECKS=@OLD_UNIQUE_CHECKS */;
/*!40101 SET CHARACTER_SET_CLIENT=@OLD_CHARACTER_SET_CLIENT */;
/*!40101 SET CHARACTER_SET_RESULTS=@OLD_CHARACTER_SET_RESULTS */;
/*!40101 SET COLLATION_CONNECTION=@OLD_COLLATION_CONNECTION */;
/*!40111 SET SQL_NOTES=@OLD_SQL_NOTES */;

-- Dump completed on 2018-06-17 20:38:04
